id	front	back
nazokake	宴の皿が下がると、宿主は急に［　　　　］を始めた。前半は旅の景色の話に聞こえ、後半で別の言葉へ折れる。答えを知っている者だけが、静かに杯を置いた。知らない者は、まだ景色の話だと思ったまま笑っていた。	なぞかけ
なぞかけ
相手に謎をかけ、言葉を折って答えさせる遊び。
posing a riddle that turns on a play of words
宴の皿が下がると、宿主は急になぞかけを始めた。前半は旅の景色の話に聞こえ、後半で別の言葉へ折れる。答えを知っている者だけが、静かに杯を置いた。知らない者は、まだ景色の話だと思ったまま笑っていた。

katsuobushi	鍋の前で、最初に［　　　　］を削る係が決まった。薄く削るほど、出汁は早く立つ。厚いままだと、味が奥に残って取り切れない。厨房では、その一削りを雑に扱わなかった。	かつお節
かつおぶし
鰹を煮て燻し、乾燥させて削る出汁の材料。
dried, smoked bonito shaved for stock
鍋の前で、最初にかつお節を削る係が決まった。薄く削るほど、出汁は早く立つ。厚いままだと、味が奥に残って取り切れない。厨房では、その一削りを雑に扱わなかった。

goroawase	年号は、［　　　　　］がないと頭に残らなかった。意味は多少ずれても、音がハマれば試験の朝に出てくる。先生は、きれいな説明より先に、その音を黒板へ書いた。あとから正しい故事を足せば、記憶は崩れにくい。	語呂合わせ
ごろあわせ
音の似た言葉を重ねて、覚えやすくする工夫。
a pun or mnemonic built on similar sounds
年号は、語呂合わせがないと頭に残らなかった。意味は多少ずれても、音がハマれば試験の朝に出てくる。先生は、きれいな説明より先に、その音を黒板へ書いた。あとから正しい故事を足せば、記憶は崩れにくい。

nankurunai	港の店主は、遅れた船を見ても、［　　　　　　］、とだけ言った。慌てても風向きは変わらない、という意味だと後で教わった。標語として薄まる前の、生活の速度がそこにはあった。その夜は予定を一つ削って、早く寝ることにした。	なんくるない
なんくるない
沖縄の言い回しで、なるようになる、心配しすぎるな、の意。
an Okinawan “it will work out; don’t fret”
港の店主は、遅れた船を見ても、なんくるない、とだけ言った。慌てても風向きは変わらない、という意味だと後で教わった。標語として薄まる前の、生活の速度がそこにはあった。その夜は予定を一つ削って、早く寝ることにした。

hanshateki	名前を呼ばれた瞬間、彼は［　　　　］、手を挙げていた。答える内容は、まだ頭の中で形になっていない。会場が笑って、ようやく自分の動きに気づく。あとで原稿を読み返しても、その一秒だけは空白だった。	反射的に
はんしゃてきに
考えるより先に、体や口が動く様子。
by reflex, before thought catches up
名前を呼ばれた瞬間、彼は反射的に、手を挙げていた。答える内容は、まだ頭の中で形になっていない。会場が笑って、ようやく自分の動きに気づく。あとで原稿を読み返しても、その一秒だけは空白だった。

sojo	値引きと広告を同時にかけると、効果は［　　］して伸びた。片方だけでは、昨年とほとんど変わらなかった。担当は、どちらが主因かを切り分けられずに困った。翌月は期間をずらして、もう一度測ることにした。	相乗
そうじょう
二つが組み合わさって、足し算以上の効果が出ること。
a combined effect greater than the separate parts
値引きと広告を同時にかけると、効果は相乗して伸びた。片方だけでは、昨年とほとんど変わらなかった。担当は、どちらが主因かを切り分けられずに困った。翌月は期間をずらして、もう一度測ることにした。

kasho	校正では、指摘された［　　］だけを先に直した。前後の文は触らない、というのが編集部のルールだ。直したあとに通読すると、別の引っかかりが見つかる。それでも初校よりは、読む速度が明らかに上がった。	箇所
かしょ
場所や、文章・作業の中の特定の点。
a spot, passage, or particular point
校正では、指摘された箇所だけを先に直した。前後の文は触らない、というのが編集部のルールだ。直したあとに通読すると、別の引っかかりが見つかる。それでも初校よりは、読む速度が明らかに上がった。

rakudatsu	名簿の末尾に、［　　］が二名あると注記されていた。転出なのか、記入漏れなのかは、欄だけでは分からない。係は原本に当たり、空欄の理由を朱で補った。翌日の会議では、人数ではなくその注記が先に問題になった。	落脱
らくだつ
抜けること、欠けること。通常の表記は脱落。
a dropping-out or a missing part
名簿の末尾に、落脱が二名あると注記されていた。転出なのか、記入漏れなのかは、欄だけでは分からない。係は原本に当たり、空欄の理由を朱で補った。翌日の会議では、人数ではなくその注記が先に問題になった。
同じ意味で一般に使う字は脱落（だつらく）。この札の見出しは落脱。
iza	非常灯の場所は、［　　　　　　］にしか見ない。平常の動線からは、看板が柱の陰に入っている。訓練の日だけ、係員がその陰を指で示した。覚えていられたのは、その後も席が同じだった者だけだ。	いざという時
いざというとき
普段ではなく、本当に必要になった瀬戸際。
when it actually matters; the critical moment
非常灯の場所は、いざという時にしか見ない。平常の動線からは、看板が柱の陰に入っている。訓練の日だけ、係員がその陰を指で示した。覚えていられたのは、その後も席が同じだった者だけだ。

miwakeru	模造と本物を［　　　　］には、縁の摩耗を見る。色はどちらも新しいので、そこでは差が出ない。手に取ったときの重さだけが、熟練者には先に分かる。説明文を読む前に、その判断は終わっていた。	見分ける
みわける
似たものを比べて、違いを判断する。
to tell similar things apart
模造と本物を見分けるには、縁の摩耗を見る。色はどちらも新しいので、そこでは差が出ない。手に取ったときの重さだけが、熟練者には先に分かる。説明文を読む前に、その判断は終わっていた。

totsunyu	信号が変わる前に、交渉は価格の話へ［　　］した。前置きを省いたので、相手の表情が一段硬くなる。こちらの数字は、資料の最後の頁にしか書いていない。休憩を挟む提案は、先方からは出なかった。	突入
とつにゅう
ためらいなく、その場や局面へ入ること。
rushing or plunging into a situation
信号が変わる前に、交渉は価格の話へ突入した。前置きを省いたので、相手の表情が一段硬くなる。こちらの数字は、資料の最後の頁にしか書いていない。休憩を挟む提案は、先方からは出なかった。

kachinokoru	予選を［　　　　］には、失点を一つに抑えたい。攻撃の本数より、最後の五分の集中がものをいった。ベンチは、交代のタイミングを監督一人が持っている。笛が鳴ったとき、選手はまず時計を見た。	勝ち残る
かちのこる
勝って、次の段階へ進む。
to win and stay in the next round
予選を勝ち残るには、失点を一つに抑えたい。攻撃の本数より、最後の五分の集中がものをいった。ベンチは、交代のタイミングを監督一人が持っている。笛が鳴ったとき、選手はまず時計を見た。

hirameku	行き詰まっていた式に、別の置き方が［　　　　］。それは計算の途中ではなく、席を立った廊下だった。戻って書き付けるまで、数字を声に出して繰り返した。ノートの端は、その一行のために空いていた。	ひらめく
ひらめく
考えや光が、突然ぱっと現れる。
to flash into sight, or into one’s mind
行き詰まっていた式に、別の置き方がひらめく。それは計算の途中ではなく、席を立った廊下だった。戻って書き付けるまで、数字を声に出して繰り返した。ノートの端は、その一行のために空いていた。

saizen	時間がない以上、今の人員で［　　］を選ぶしかない。理想の配置は、来月の増員を待たなければ組めない。現場は、その制約を不満ではなく条件として受け取った。結果の報告書にも、同じ一文がそのまま残った。	最善
さいぜん
その条件で、これ以上ない手。
the best available course
時間がない以上、今の人員で最善を選ぶしかない。理想の配置は、来月の増員を待たなければ組めない。現場は、その制約を不満ではなく条件として受け取った。結果の報告書にも、同じ一文がそのまま残った。

shintaisei-order	合併の翌日、［　　　］の名簿が掲示板に出た。部署名は残り、責任者だけが半分入れ替わっている。朝礼では、旧い呼び方を禁じる話が先に来た。仕事の手順そのものは、まだ誰も書き換えていない。	新体制
しんたいせい
組織や政治の、新しい仕組みと顔ぶれ。
a new organizational order
合併の翌日、新体制の名簿が掲示板に出た。部署名は残り、責任者だけが半分入れ替わっている。朝礼では、旧い呼び方を禁じる話が先に来た。仕事の手順そのものは、まだ誰も書き換えていない。

shintaisei-body	その批評は、意味の前に［　　　］を置けと主張した。譜面にない間合いが、舞台では意味を運んでいる。観客は説明を聞くより、息の長さで場面を掴んだ。記録映像にすると、その差はさらに露骨だった。	身体性
しんたいせい
考えや表現が、体の感覚や動きに根を持つこと。
the bodily, embodied side of thought or art
その批評は、意味の前に身体性を置けと主張した。譜面にない間合いが、舞台では意味を運んでいる。観客は説明を聞くより、息の長さで場面を掴んだ。記録映像にすると、その差はさらに露骨だった。

reikon	講義の後半は、［　　　　］を文化史の側から扱った。証明ではなく、葬儀と物語がどう支えてきたかが主題だ。受講者の信仰を採点する問いにはしていない。期末は、用語の定義と、一つの事例の要約だけを求めた。	霊魂不滅
れいこんふめつ
死後も魂は消えない、という考え。
the doctrine that the soul does not perish
講義の後半は、霊魂不滅を文化史の側から扱った。証明ではなく、葬儀と物語がどう支えてきたかが主題だ。受講者の信仰を採点する問いにはしていない。期末は、用語の定義と、一つの事例の要約だけを求めた。

kenchi	同じ事故でも、法の［　　］と、現場の立場では優先が違う。前者は責任の所在を、後者は再発の手順を先に置く。報告書は、その二つを混ぜずに章を分けた。読んだ委員は、どちらの章から開くかで意見が割れた。	見地
けんち
物事を見る立場、観点。
a point of view, a standpoint
同じ事故でも、法の見地と、現場の立場では優先が違う。前者は責任の所在を、後者は再発の手順を先に置く。報告書は、その二つを混ぜずに章を分けた。読んだ委員は、どちらの章から開くかで意見が割れた。

kakubu	点検表は、［　　］の担当印が揃ってから提出される。一つでも空欄があると、全体が差し戻しになった。朝の時点では、塗装だけがまだ印を持っていなかった。昼までに埋まれば、出荷はその日の便に乗る。	各部
かくぶ
組織や作品の、一つ一つの部分。
each section or department
点検表は、各部の担当印が揃ってから提出される。一つでも空欄があると、全体が差し戻しになった。朝の時点では、塗装だけがまだ印を持っていなかった。昼までに埋まれば、出荷はその日の便に乗る。

kakuhan	樹脂は、規定の速度で［　　］してから型へ流す。速すぎると気泡が入り、遅すぎると層が分かれる。作業者は時計より、表面の光り方を見ていた。その光が均一になった時点で、注ぎを開始する。	攪拌
かくはん
液体や粉をかき混ぜ、むらをなくすこと。
stirring or agitating until the mix is even
樹脂は、規定の速度で攪拌してから型へ流す。速すぎると気泡が入り、遅すぎると層が分かれる。作業者は時計より、表面の光り方を見ていた。その光が均一になった時点で、注ぎを開始する。

tokonoma	客は、［　　　］の軸を見てから座った。季節の花は小さく、香は部屋に広がるほどではない。会話はその絵の由来から始まり、やがて用件へ移った。帰り際に、もう一度だけ軸の落款を確認する者がいた。	床の間
とこのま
座敷で、掛け物や花を置く床の一段高い所。
the alcove where a scroll or flowers are placed
客は、床の間の軸を見てから座った。季節の花は小さく、香は部屋に広がるほどではない。会話はその絵の由来から始まり、やがて用件へ移った。帰り際に、もう一度だけ軸の落款を確認する者がいた。

bunryu	実験は、混合液の［　　］から始めるように書いてあった。温度が一段上がるたびに、受け器を取り替える。最初の留分は捨て、次の留分だけを分析へ回す。手順書に、その境目の温度が太字で示されていた。	分留
ぶんりゅう
沸点の差を使って、混合物を成分に分ける蒸留。
fractional distillation
実験は、混合液の分留から始めるように書いてあった。温度が一段上がるたびに、受け器を取り替える。最初の留分は捨て、次の留分だけを分析へ回す。手順書に、その境目の温度が太字で示されていた。

onozuto	資料を時系列に並べると、結論は［　　　］、一つに寄った。誰かが誘導したわけではなく、日付がそうさせた。反対意見は、別の期間を切り出せばまだ作れる。会議は、その切り方を先に禁止することで短くなった。	自ずと
おのずと
誰かが強制しなくても、そうなっていく様子。
of itself; naturally, in due course
資料を時系列に並べると、結論は自ずと、一つに寄った。誰かが誘導したわけではなく、日付がそうさせた。反対意見は、別の期間を切り出せばまだ作れる。会議は、その切り方を先に禁止することで短くなった。

shojiki	結果は悪い。［　　］、次の手が見えていない。取り繕うより、その一文を先に書いたほうが議論は進んだ。上席は沈黙のあと、不足している数字の種類だけを聞いた。弁解の時間は、その日の议程からは外された。	正直
しょうじき
隠さず、ありのままに言うこと。また、そのさま。
honest, or honestly
結果は悪い。正直、次の手が見えていない。取り繕うより、その一文を先に書いたほうが議論は進んだ。上席は沈黙のあと、不足している数字の種類だけを聞いた。弁解の時間は、その日の议程からは外された。

sotchoku	［　　　　　　］、この草案はまだ会議に出せない。骨子は面白いが、根拠の頁が三枚とも空に近い。書き手は、その指摘を怒らずにメモへ移した。再提出の期限は、褒め言葉より先に決まった。	率直に言って
そっちょくにいって
遠回しをやめて、評価をそのまま出す前置き。
to put it frankly
率直に言って、この草案はまだ会議に出せない。骨子は面白いが、根拠の頁が三枚とも空に近い。書き手は、その指摘を怒らずにメモへ移した。再提出の期限は、褒め言葉より先に決まった。

meishin	その数字を避ける習慣は、社内では［　　］として笑われていた。それでも座席表からは、その番号だけが静かに消える。総務は理由を書かず、配置の都合とだけ答えた。新しい社員ほど、その空白に最初に気づいた。	迷信
めいしん
根拠の薄い言い伝えを、事実のように扱うこと。
a superstition treated as if it were fact
その数字を避ける習慣は、社内では迷信として笑われていた。それでも座席表からは、その番号だけが静かに消える。総務は理由を書かず、配置の都合とだけ答えた。新しい社員ほど、その空白に最初に気づいた。

somuku	手続きに［　　］つもりはなく、期限だけを読み違えた。結果としては、同じ違反の欄に載ってしまう。弁明書は、意図と結果を分けて書くよう求められた。読み違えを証明するメールは、幸い残っていた。	背く
そむく
期待や規則、良心に反した行いをする。
to go against a rule, duty, or expectation
手続きに背くつもりはなく、期限だけを読み違えた。結果としては、同じ違反の欄に載ってしまう。弁明書は、意図と結果を分けて書くよう求められた。読み違えを証明するメールは、幸い残っていた。

teiryoteki	味の評価を［　　　］に出すため、点数表を先に配った。感想文は別紙にして、集計には使わない。同じ試料を三日に分けても、平均はほとんど動かなかった。その安定だけが、方法を採用する理由になった。	定量的
ていりょうてき
量を測って、数値で比べられること。
quantitative; measured in amounts
味の評価を定量的に出すため、点数表を先に配った。感想文は別紙にして、集計には使わない。同じ試料を三日に分けても、平均はほとんど動かなかった。その安定だけが、方法を採用する理由になった。

danzokuteki	夜中の雨は、［　　　］に屋根を叩いていた。止んだと思っても、十分もしないうちに戻る。排水は間に合っているので、浸水の心配は小さい。眠れなかったのは、音の不規則さのほうだった。	断続的
だんぞくてき
続いたり切れたりして、一続きではないこと。
intermittent; stopping and starting
夜中の雨は、断続的に屋根を叩いていた。止んだと思っても、十分もしないうちに戻る。排水は間に合っているので、浸水の心配は小さい。眠れなかったのは、音の不規則さのほうだった。

shitajiki	薄い原稿の下には、いつも同じ［　　　］が入っている。机の木目が筆圧に出て、字が汚くなるのを防ぐためだ。角が欠けても、捨てずにテープで留めて使っていた。新しいものは、硬さが違いすぎて却って書きにくかった。	下敷き
したじき
紙の下に敷く板。また、後の仕事の型になるもの。
a writing underlay; also a model for later work
薄い原稿の下には、いつも同じ下敷きが入っている。机の木目が筆圧に出て、字が汚くなるのを防ぐためだ。角が欠けても、捨てずにテープで留めて使っていた。新しいものは、硬さが違いすぎて却って書きにくかった。

shitajiki-naru	棚が傾いたとき、箱はもう少しで［　　　　　　］。中のガラスは無事で、枠だけが床に接している。起こす前に、中身の向きを写真で残した。怪我はなかったが、固定金具の交換はその日に決まった。	下敷きになる
したじきになる
崩れた物の下敷きになり、動けなくなる。
to be pinned or crushed underneath
棚が傾いたとき、箱はもう少しで下敷きになる。中のガラスは無事で、枠だけが床に接している。起こす前に、中身の向きを写真で残した。怪我はなかったが、固定金具の交換はその日に決まった。

kinoteki-function	授業は、［　　　　　］の定義を式の前に言葉で確認した。有限回の基本操作で値が決まる、という条件が芯だ。例は小さいが、合成と再帰の二段だけで組んである。課題は、その定義に当てはまるかどうかを判定するだけだった。	帰納的関数
きのうてきかんすう
計算の理論で、有限の手続きで値が定まる関数。
a recursive function in computability
授業は、帰納的関数の定義を式の前に言葉で確認した。有限回の基本操作で値が決まる、という条件が芯だ。例は小さいが、合成と再帰の二段だけで組んである。課題は、その定義に当てはまるかどうかを判定するだけだった。

kinoteki-inductive	その報告は、三件の事故から［　　　］に規則を立てていた。事例が似ていることは示せても、例外の不在は示せない。査読はその一点を、結論の強さとして問題にした。著者は、規則ではなく仮説だと書き換えて再提出した。	帰納的
きのうてき
個別の事例から、一般へ上がっていく推論の仕方。
inductive; reasoning upward from cases
その報告は、三件の事故から帰納的に規則を立てていた。事例が似ていることは示せても、例外の不在は示せない。査読はその一点を、結論の強さとして問題にした。著者は、規則ではなく仮説だと書き換えて再提出した。

kinoteki-functional	新しい厨房は、美しいより［　　　］であることを優先した。動く距離が短い位置に、火と水とゴミ箱が並ぶ。客席から見える意匠は、そのあとで整えた。開店週の疲れは、以前の店より明らかに少なかった。	機能的
きのうてき
見た目より、働きとして無駄が少ないこと。
functional; efficient in how it works
新しい厨房は、美しいより機能的であることを優先した。動く距離が短い位置に、火と水とゴミ箱が並ぶ。客席から見える意匠は、そのあとで整えた。開店週の疲れは、以前の店より明らかに少なかった。

jiki	試料の構造は、［　　　　］の信号の位置から読んだ。同じ原子でも、周りの結合が違えば周波数がずれる。そのずれを表にしたのが、この実験の成果だ。装置の名前より、どの核を見たかが報告書の見出しになった。	磁気共鳴
じききょうめい
磁場の中で原子核などが特定の周波数に応答する現象。
magnetic resonance
試料の構造は、磁気共鳴の信号の位置から読んだ。同じ原子でも、周りの結合が違えば周波数がずれる。そのずれを表にしたのが、この実験の成果だ。装置の名前より、どの核を見たかが報告書の見出しになった。

jiki-mri	予約票には、［　　　　　　　　］と正式名で印刷されていた。金属を外す注意が、時間より先に太字で並んでいる。撮影そのものは音が大きいだけで、痛みはないと書かれていた。結果の説明は、別の日の外来に回された。	磁気共鳴断層撮影
じききょうめいだんそうさつえい
磁気共鳴を使い、体の断面を画像にする検査。
magnetic resonance imaging of body sections
予約票には、磁気共鳴断層撮影と正式名で印刷されていた。金属を外す注意が、時間より先に太字で並んでいる。撮影そのものは音が大きいだけで、痛みはないと書かれていた。結果の説明は、別の日の外来に回された。

sekiban	工房の奥に、使い込まれた［　　］が縦に置いてあった。表面のわずかな脂の差が、インクの着く場所を分ける。刷り手は、同じ石から数十枚を同じ濃さで引いていく。一枚だけ濃いものは、見本ではなく失敗として外された。	石版
せきばん
石の板に描いて刷る版画。また、その技法。
lithography; a print made from a stone plate
工房の奥に、使い込まれた石版が縦に置いてあった。表面のわずかな脂の差が、インクの着く場所を分ける。刷り手は、同じ石から数十枚を同じ濃さで引いていく。一枚だけ濃いものは、見本ではなく失敗として外された。

karikomu	垣根は、花のあとで一度だけ［　　　　］。早く切りすぎると、その年の芽が一緒に落ちる。職人は輪郭より、内側の枯れ枝を先に抜いた。通りから見た形が整うのは、作業の最後の十分だった。	刈り込む
かりこむ
伸びた枝や原稿を、必要な形まで短く切る。
to prune a hedge, or cut a text back
垣根は、花のあとで一度だけ刈り込む。早く切りすぎると、その年の芽が一緒に落ちる。職人は輪郭より、内側の枯れ枝を先に抜いた。通りから見た形が整うのは、作業の最後の十分だった。

kokkei	厳重な敬礼の直後に帽子が落ち、その対比が［　　］だった。本人が動じないほど、周囲の笑いが遅れて広がる。記録映像では、音を消しても状況が分かった。翌日の講評は、その一秒を規律の話に戻して終わった。	滑稽
こっけい
おかしくて笑えること。また、馬鹿馬鹿しいこと。
comic, or absurd enough to be laughable
厳重な敬礼の直後に帽子が落ち、その対比が滑稽だった。本人が動じないほど、周囲の笑いが遅れて広がる。記録映像では、音を消しても状況が分かった。翌日の講評は、その一秒を規律の話に戻して終わった。

kei	古辞書を引くと、「［　　］」は考え合わせることに当たる。音はケイで、練習を意味する熟語の頭にも残っている。今の地の文で、この一字だけが現れることは少ない。注釈を読むとき、かなに開かれていない顔を知っておけば足りる。	稽
ケイ・かんがえる
考え合わせること。音読みはケイ。
the kanji 稽: to ponder; on-reading kei
古辞書を引くと、「稽」は考え合わせることに当たる。音はケイで、練習を意味する熟語の頭にも残っている。今の地の文で、この一字だけが現れることは少ない。注釈を読むとき、かなに開かれていない顔を知っておけば足りる。
考える、の訓として日常でこの字を使うことはほとんどない。音のケイが現役である。
shitsudoku	音読が遅い理由を、［　　　］の可能性として専門機関へ回した。知能の遅れとは別で、文字を音に結びつける段で負荷がかかる。教室では、読む量を減らすより、時間の取り方を変えた。本人が最初に楽になったのは、板書を写真で持ち帰れるようになってからだ。	失読症
しつどくしょう
文字の形は見えても、読みの処理が著しく困難になる状態。
dyslexia
音読が遅い理由を、失読症の可能性として専門機関へ回した。知能の遅れとは別で、文字を音に結びつける段で負荷がかかる。教室では、読む量を減らすより、時間の取り方を変えた。本人が最初に楽になったのは、板書を写真で持ち帰れるようになってからだ。

nandoku	その地名は［　　］で、案内放送でも一度聞き取れなかった。駅の表記は漢字の下に、小さくかなを添えている。地元の人は漢字を見ずに、かなのほうだけを口にする。地図アプリは、そのかなを正式な読みとして登録していた。	難読
なんどく
読み方が分かりにくい漢字や地名。
difficult to read, as with obscure kanji
その地名は難読で、案内放送でも一度聞き取れなかった。駅の表記は漢字の下に、小さくかなを添えている。地元の人は漢字を見ずに、かなのほうだけを口にする。地図アプリは、そのかなを正式な読みとして登録していた。

kakutou	夜の作業は、仕様変更との［　　］になった。拳の話ではなく、矛盾した要件を同時に満たす話だ。どちらを優先するかは、文書の日付が新しいほうを採った。明け方には、古い要件を注記ごと外す決断が残った。	格闘
かくとう
組み合って戦うこと。また、困難と向き合うこと。
grappling, or a hard struggle with a problem
夜の作業は、仕様変更との格闘になった。拳の話ではなく、矛盾した要件を同時に満たす話だ。どちらを優先するかは、文書の日付が新しいほうを採った。明け方には、古い要件を注記ごと外す決断が残った。

kakutouka	会場の端で、［　　　］がテープを巻き直していた。表情は試合前なのに、会話は明日の食事の話だ。呼ばれるまで、肩は壁に預けたまま動かない。名前が読み上げられた瞬間だけ、目の位置が変わった。	格闘家
かくとうか
組み技や打撃を競技として行う人。
a martial artist who fights as a sport
会場の端で、格闘家がテープを巻き直していた。表情は試合前なのに、会話は明日の食事の話だ。呼ばれるまで、肩は壁に預けたまま動かない。名前が読み上げられた瞬間だけ、目の位置が変わった。

enshu	金曜の［　　］は、十枚のレジュメを配るところから始まる。正解を教えてもらう時間ではなく、穴を指摘し合う時間だ。発表者は、質問が来ない沈黙のほうを怖がっていた。教師は、その沈黙が二分続いたときだけ口を挟む。	演習
えんしゅう
講義を、問題や発表で実際にやってみること。
a practicum, seminar exercise, or drill
金曜の演習は、十枚のレジュメを配るところから始まる。正解を教えてもらう時間ではなく、穴を指摘し合う時間だ。発表者は、質問が来ない沈黙のほうを怖がっていた。教師は、その沈黙が二分続いたときだけ口を挟む。

mosaku	予算が半減したあと、開催の形を［　　］する会議が続いた。中止、縮小、オンラインの三案が、毎回同じ順で出る。どれも欠点があり、決裁者はまだ判を持っていない。現場が求めたのは、新しい案ではなく、期限のほうだった。	模索
もさく
確かな道が見えないまま、手探りで方法を探すこと。
groping toward a method that is not yet clear
予算が半減したあと、開催の形を模索する会議が続いた。中止、縮小、オンラインの三案が、毎回同じ順で出る。どれも欠点があり、決裁者はまだ判を持っていない。現場が求めたのは、新しい案ではなく、期限のほうだった。

manaita	魚をさばく前に、［　　　］を熱湯で流した。木の目に前の匂いが残ると、次の刺身が苦くなる。新しい板は滑り、却って刃が逃げる。使い込んだ一枚だけが、その店の決まった位置に戻された。	まな板
まないた
食材を切る板。また、判断を待つ立場の比喩。
a chopping board; also the place where a decision is cut
魚をさばく前に、まな板を熱湯で流した。木の目に前の匂いが残ると、次の刺身が苦くなる。新しい板は滑り、却って刃が逃げる。使い込んだ一枚だけが、その店の決まった位置に戻された。

takuramu	笑顔の裏で何を［　　　　］のか、同席の誰にも読めなかった。提案の順番だけが、妙に計算されている。反対が出る前に、次の資料がすでに配られていた。会議のあとで、その手際を褒める者と警戒する者に分かれた。	たくらむ
たくらむ
人に悟られないよう、企てを進める。
to scheme or quietly plot
笑顔の裏で何をたくらむのか、同席の誰にも読めなかった。提案の順番だけが、妙に計算されている。反対が出る前に、次の資料がすでに配られていた。会議のあとで、その手際を褒める者と警戒する者に分かれた。

togire	電波が悪く、声は［　　　　　　］にしか届かなかった。重要な数字のところで、必ず一秒が抜ける。聞き手は、復唱してからでないとメモを取れない。結局、同じ内容を短い手紙にして送り直した。	途切れ途切れ
とぎれとぎれ
音や話が、何度も切れてつながる様子。
broken, in fits and starts
電波が悪く、声は途切れ途切れにしか届かなかった。重要な数字のところで、必ず一秒が抜ける。聞き手は、復唱してからでないとメモを取れない。結局、同じ内容を短い手紙にして送り直した。

fukan	個々の苦情を追う前に、地図を［　　］して偏りを見た。一地区にだけ印が密集し、ほかはほとんど空いている。その偏りは、担当者の怠慢ではなく収集の経路の差だった。次の週は、空いている側の聞き方を先に変えた。	俯瞰
ふかん
高い位置から、全体を見下ろすように捉えること。
a bird’s-eye view, literal or figurative
個々の苦情を追う前に、地図を俯瞰して偏りを見た。一地区にだけ印が密集し、ほかはほとんど空いている。その偏りは、担当者の怠慢ではなく収集の経路の差だった。次の週は、空いている側の聞き方を先に変えた。

shojun	議論の［　　］が、予算ではなく日程にずれていた。金額の話だと思っていた側は、途中から黙る。議長が板書を消し、問いを一文に書き直した。そこから三十分で、決めるべき日付だけが残った。	照準
しょうじゅん
狙いを定めること。議論の焦点を合わせること。
aim, or the alignment of attention
議論の照準が、予算ではなく日程にずれていた。金額の話だと思っていた側は、途中から黙る。議長が板書を消し、問いを一文に書き直した。そこから三十分で、決めるべき日付だけが残った。

ukitatsu	出発の朝、待合室の空気まで［　　　　］ように感じた。荷物は多いのに、足元が軽い。隣の人の話し声まで、普段より好意的に聞こえる。その高揚は、改札を過ぎたあたりで静かに普通へ戻った。	浮き立つ
うきたつ
待ちきれないほど、気分が明るく高ぶる。
to be lifted, exhilarated, almost buoyant
出発の朝、待合室の空気まで浮き立つように感じた。荷物は多いのに、足元が軽い。隣の人の話し声まで、普段より好意的に聞こえる。その高揚は、改札を過ぎたあたりで静かに普通へ戻った。

shakunetsu	午後の鉄板は、［　　］と呼ぶほかない温度になっていた。手袋越しでも、一秒以上は同じ場所を押せない。作業は日陰の時間へ移し、午前中に終わらせることにした。温度計の数字より、靴底の粘りで限界が分かった。	灼熱
しゃくねつ
焼けつくような熱。感情が極度に高ぶっていることにも言う。
scorching heat, or a feeling running white-hot
午後の鉄板は、灼熱と呼ぶほかない温度になっていた。手袋越しでも、一秒以上は同じ場所を押せない。作業は日陰の時間へ移し、午前中に終わらせることにした。温度計の数字より、靴底の粘りで限界が分かった。

hankoteki	注意に対する返事が短く、職員はそれを［　　　］だと記録した。内容は拒否ではなく、理由を聞いていないという抗議だった。記録の語を、本人はあとで訂正するよう求めた。訂正は認められたが、その日の空気は戻らなかった。	反抗的
はんこうてき
指示や権威に、正面から逆らう態度。
rebellious, defiant
注意に対する返事が短く、職員はそれを反抗的だと記録した。内容は拒否ではなく、理由を聞いていないという抗議だった。記録の語を、本人はあとで訂正するよう求めた。訂正は認められたが、その日の空気は戻らなかった。

isso	雨が止んだあとのほうが、［　　］、道が歩きにくかった。水は引き、代わりに泥が靴の溝に詰まる。晴れていることが、却って焦りを増した。到着は予定より遅く、弁解はしなかった。	一層
いっそう
これまでより、さらに程度が増すこと。
still more; all the more
雨が止んだあとのほうが、一層、道が歩きにくかった。水は引き、代わりに泥が靴の溝に詰まる。晴れていることが、却って焦りを増した。到着は予定より遅く、弁解はしなかった。
層が一つの、という「単層」の意味もある。この札は「さらに」のほう。
yagate	古い手紙では、やがてが［　　］てと書かれていることがある。読みは同じで、少し時間が進むことをいう。今の文章は、ほぼひらがなに寄っている。活字でこの字を見たら、かなに戻して読めばよい。	軈
やがて
やがて、の古い漢字表記。しばらくすると、の意。
the old kanji spelling of やがて, “before long”
古い手紙では、やがてが軈てと書かれていることがある。読みは同じで、少し時間が進むことをいう。今の文章は、ほぼひらがなに寄っている。活字でこの字を見たら、かなに戻して読めばよい。
見出しの字は軈。現代の通常表記はやがて。
kiten	路線の［　　］は、海に近い小さな駅のまま変わっていない。列車の番号も、その駅を零として数えている。利用者の多くは、途中の大きな駅からしか乗らない。それでも時刻表の一行目は、今もその駅の名前だ。	起点
きてん
ものごとが始まる地点、原点。
the starting point or origin
路線の起点は、海に近い小さな駅のまま変わっていない。列車の番号も、その駅を零として数えている。利用者の多くは、途中の大きな駅からしか乗らない。それでも時刻表の一行目は、今もその駅の名前だ。

bungyo	厨房の遅れは、［　　］の境目で起きていた。切る者と焼く者が、受け渡しの言葉を決めていない。どちらも自分の工程は、時間内に終えている。全体が遅れる理由は、その無言の十秒が積み重なったためだ。	分業
ぶんぎょう
一つの仕事を分け、それぞれが一部を受け持つこと。
division of labor
厨房の遅れは、分業の境目で起きていた。切る者と焼く者が、受け渡しの言葉を決めていない。どちらも自分の工程は、時間内に終えている。全体が遅れる理由は、その無言の十秒が積み重なったためだ。

kyobo	捜査は、実行者より［　　］の有無を先に調べていた。同じ場所にいたことだけでは、合意があったとは言えない。記録に残るのは、事前の連絡の回数と内容だ。その連絡が仕事の打ち合わせなのかどうかが、争点になった。	共謀
きょうぼう
複数で、不正や犯罪を一緒に企てること。
conspiracy; a shared illicit plan
捜査は、実行者より共謀の有無を先に調べていた。同じ場所にいたことだけでは、合意があったとは言えない。記録に残るのは、事前の連絡の回数と内容だ。その連絡が仕事の打ち合わせなのかどうかが、争点になった。

kaname	この計画の［　　　］は、技術ではなく土地の同意だった。図面がどれほど良くても、判がなければ着工できない。説明会は、性能の話を短くし、不安の聞き取りを長くした。その順番に変えてから、質問の質が具体的になった。	かなめ
かなめ
全体を支える、一番大事な点。
the pivot or key point on which the rest turns
この計画のかなめは、技術ではなく土地の同意だった。図面がどれほど良くても、判がなければ着工できない。説明会は、性能の話を短くし、不安の聞き取りを長くした。その順番に変えてから、質問の質が具体的になった。
植物のカナメモチを指すこともある。この札は要の意。
meiun	その一票が、法案の［　　］を分けた。賛成と反対は同数で、議長の決裁だけが残っている。会場は数秒、紙をめくる音しかしなかった。結果が読み上げられたあと、どちらの側もすぐには立たなかった。	命運
めいうん
これから先の成否を分ける、運命の分かれ目。
the fate on which success or failure turns
その一票が、法案の命運を分けた。賛成と反対は同数で、議長の決裁だけが残っている。会場は数秒、紙をめくる音しかしなかった。結果が読み上げられたあと、どちらの側もすぐには立たなかった。

rigaku	彼女の席は［　　］にあり、応用の学部とは建物が違う。問いは、何に使えるかより、どこまで正確かに寄っている。卒業後の進路は、その正確さを買う側の仕事が多かった。在学中は、その接続をほとんど意識していなかったという。	理学
りがく
数学や物理・化学・生物などを含む、自然の基礎学問。
the natural sciences, as in a faculty of science
彼女の席は理学にあり、応用の学部とは建物が違う。問いは、何に使えるかより、どこまで正確かに寄っている。卒業後の進路は、その正確さを買う側の仕事が多かった。在学中は、その接続をほとんど意識していなかったという。
宋学の理学（りがく）を指す用法もある。この札は大学の理学。
ryosan	試作品が通ると、翌月から［　　］のラインに乗せる。一個ずつ調整していた寸法を、治具の公差へ置き換える。その置き換えで、職人が見ていた微差は仕様の外に出た。発売後の苦情は、その外に出た差の戻し方を問うものだった。	量産
りょうさん
同じものを、大きな数量で作ること。
mass production
試作品が通ると、翌月から量産のラインに乗せる。一個ずつ調整していた寸法を、治具の公差へ置き換える。その置き換えで、職人が見ていた微差は仕様の外に出た。発売後の苦情は、その外に出た差の戻し方を問うものだった。

zaisei	今年度の［　　］は、税収の見積もりがすでに古い。支出の骨格は決まっていて、削れるのは周辺の事業だけだ。担当は、どの周辺を周辺と呼ぶかで深夜まで争った。朝に出た案は、三つの事業を一年延期するものだった。	財政
ざいせい
国や自治体が、収入と支出をどう組むかという金の仕組み。
public finance; the state of the treasury
今年度の財政は、税収の見積もりがすでに古い。支出の骨格は決まっていて、削れるのは周辺の事業だけだ。担当は、どの周辺を周辺と呼ぶかで深夜まで争った。朝に出た案は、三つの事業を一年延期するものだった。

shikin	改修の［　　］は、寄付と積立の二つに分けて管理している。混ぜると、どちらの意思で使ったのかが後から分からない。帳簿の色を分けただけで、会議の質問は短くなった。不足が出るのは、積立の側だと最初から見えていた。	資金
しきん
事業や生活を動かすためのお金。
funds; capital set aside for a purpose
改修の資金は、寄付と積立の二つに分けて管理している。混ぜると、どちらの意思で使ったのかが後から分からない。帳簿の色を分けただけで、会議の質問は短くなった。不足が出るのは、積立の側だと最初から見えていた。

rimawari	募集文の［　　　］は、費用を引いたあとの数字だと注にあった。引く前の数字だけを覚えると、実際の戻りを大きく見積もる。説明会では、その注を本文より先に読ませた。質問の半分は、それでも引く前の数字に戻っていった。	利回り
りまわり
投資した額に対して、どれだけ果実が戻るかの割合。
the yield on an investment
募集文の利回りは、費用を引いたあとの数字だと注にあった。引く前の数字だけを覚えると、実際の戻りを大きく見積もる。説明会では、その注を本文より先に読ませた。質問の半分は、それでも引く前の数字に戻っていった。

bogai	配信の途中で、音声だけが［　　］を受けたように途切れた。映像は残っているので、回線の全部が死んだわけではない。原因は機材の故障か、外部からの混信かは切り分けていない。再配信は、同じ時刻を避けて翌日の朝に移した。	妨害
ぼうがい
進行や通信を、わざと、または結果として妨げること。
obstruction, interference, jamming
配信の途中で、音声だけが妨害を受けたように途切れた。映像は残っているので、回線の全部が死んだわけではない。原因は機材の故障か、外部からの混信かは切り分けていない。再配信は、同じ時刻を避けて翌日の朝に移した。

tachiichi	議論の前に、各自の［　　　　］を一文で書かせた。賛成か反対かではなく、誰の利害を代弁しているかだ。それを見えるところに置くと、同じ単語の意味が揃い始めた。合意そのものは、その日はまだ出ていない。	立ち位置
たちいち
物理的に立つ場所。また、社会的な立場や役割。
where one stands, physically or as a role
議論の前に、各自の立ち位置を一文で書かせた。賛成か反対かではなく、誰の利害を代弁しているかだ。それを見えるところに置くと、同じ単語の意味が揃い始めた。合意そのものは、その日はまだ出ていない。

hikan	初期の数字だけで［　　］するのは、まだ早いと議長が止めた。標本が小さく、一つの外れ値が平均を引っ張っている。それでも現場の体感は、数字より先に悪化していた。次の測定日を前倒しすることだけは、その場で決まった。	悲観
ひかん
先行きを悪いほうへ見積もること。
pessimism; expecting the worse outcome
初期の数字だけで悲観するのは、まだ早いと議長が止めた。標本が小さく、一つの外れ値が平均を引っ張っている。それでも現場の体感は、数字より先に悪化していた。次の測定日を前倒しすることだけは、その場で決まった。

reisen	史料は、［　　］の期間を、条約の日付ではなく危機の密度で区切っていた。戦闘が少ない年でも、同盟と軍備の文章は厚い。講義は、その文章の量を温度計の代わりに使った。学生が覚えさせられたのは、年号より、その密度の山だった。	冷戦
れいせん
直接の全面戦争を避けたまま、長期に対峙した国際対立。
the Cold War; a frozen hostile standoff
史料は、冷戦の期間を、条約の日付ではなく危機の密度で区切っていた。戦闘が少ない年でも、同盟と軍備の文章は厚い。講義は、その文章の量を温度計の代わりに使った。学生が覚えさせられたのは、年号より、その密度の山だった。

haken	その港の［　　］は、艦隊の数より、保険と航路の支配に見えた。船を止める力より、船を安心して出せる力のほうが効いている。論文は、軍事の章を短くし、金融の章を厚くした。反対討論は、その厚みの配分自体を政治的だと批判した。	覇権
はけん
他を圧して、秩序を主導する力。
hegemony; predominant leadership
その港の覇権は、艦隊の数より、保険と航路の支配に見えた。船を止める力より、船を安心して出せる力のほうが効いている。論文は、軍事の章を短くし、金融の章を厚くした。反対討論は、その厚みの配分自体を政治的だと批判した。

haken-antei	ゼミは、［　　　　　］を賛否の前に、主張の形だけ抽出した。主導国が公共財を負担するから取引が続く、という骨子だ。反例は、主導国がいない時期の貿易量を当てて検討する。その回は、結論を採択せず、データの範囲だけを宿題にした。	覇権安定論
はけんあんていろん
主導的な大国がいるとき国際秩序は安定する、という理論。
hegemonic stability theory
ゼミは、覇権安定論を賛否の前に、主張の形だけ抽出した。主導国が公共財を負担するから取引が続く、という骨子だ。反例は、主導国がいない時期の貿易量を当てて検討する。その回は、結論を採択せず、データの範囲だけを宿題にした。

tozennagara	［　　　　　］、未発表の数字を先に配ることはできない。質問者はそれを知ったうえで、範囲だけを聞きたかった。答えは、公表日と、その日に出る表の名前で止まった。それ以上は、個別の面談に回すと司会が繰り返した。	当然ながら
とうぜんながら
言わずもがなだが、という前置き。
naturally; as one would expect
当然ながら、未発表の数字を先に配ることはできない。質問者はそれを知ったうえで、範囲だけを聞きたかった。答えは、公表日と、その日に出る表の名前で止まった。それ以上は、個別の面談に回すと司会が繰り返した。

kangen	利益の一部を、地域の奨学金へ［　　］する規約がある。比率は固定で、黒字の年だけが対象だ。赤字の年に取り崩さないことが、規約の本体だと理事は言った。今年は黒字が小さく、戻る額もそれに比例して小さい。	還元
かんげん
利益や成果を、元の場へ戻すこと。
returning a gain to its source; also chemical reduction
利益の一部を、地域の奨学金へ還元する規約がある。比率は固定で、黒字の年だけが対象だ。赤字の年に取り崩さないことが、規約の本体だと理事は言った。今年は黒字が小さく、戻る額もそれに比例して小さい。
化学では、酸素を奪うなど酸化の逆の反応も還元という。この札は「戻す」ほう。
zaibutsu	規約は、預けた［　　］の滅失を誰が負担するかを先に書いていた。展示品と、売約前の在庫では、負担者が違う。保険の証券番号は、別紙にしか載っていない。担当が最初に確認したのは、その別紙の日付だった。	財物
ざいぶつ
金銭を含む、財産としての物。
property; goods regarded as assets
規約は、預けた財物の滅失を誰が負担するかを先に書いていた。展示品と、売約前の在庫では、負担者が違う。保険の証券番号は、別紙にしか載っていない。担当が最初に確認したのは、その別紙の日付だった。

bassoku	規約の末尾に、［　　］は四行だけ書いてあった。金額より、再発したときの資格停止のほうが重い。初回は警告で終わり、記録だけが残る。その記録を何年残すかは、本文ではなく施行細則の側にあった。	罰則
ばっそく
違反したときの処罰を定めた条項。
a penalty clause; penal provisions
規約の末尾に、罰則は四行だけ書いてあった。金額より、再発したときの資格停止のほうが重い。初回は警告で終わり、記録だけが残る。その記録を何年残すかは、本文ではなく施行細則の側にあった。

jiishiki	一言の沈黙を、［　　　　　］に自分への評価だと受け取っていた。相手は単に、次の数字を探して下を向いていただけだ。その取り違えに気づいたのは、会議が終わってからだった。翌週は、沈黙の意味をその場で短く確認することにした。	自意識過剰
じいしきかじょう
人からどう見られるかを、必要以上に気にすること。
excessive self-consciousness
一言の沈黙を、自意識過剰に自分への評価だと受け取っていた。相手は単に、次の数字を探して下を向いていただけだ。その取り違えに気づいたのは、会議が終わってからだった。翌週は、沈黙の意味をその場で短く確認することにした。

shuuseki	データは月ごとに［　　］し、年末に一度だけ棚卸しする。途中で平均を出すと、季節の山が消えて見える。担当は、生の表を捨てず、集計とは別の抽斗に置いた。その抽斗が、後年の再分析の唯一の入り口になった。	集積
しゅうせき
少しずつ集まって、一か所に厚くなること。
accumulation into one place
データは月ごとに集積し、年末に一度だけ棚卸しする。途中で平均を出すと、季節の山が消えて見える。担当は、生の表を捨てず、集計とは別の抽斗に置いた。その抽斗が、後年の再分析の唯一の入り口になった。

shuuseki-kairo	故障箇所は、［　　　　］の一角に白い変色として見えた。交換は基板ごとで、素子を一つずつ外す作業ではない。在庫の型番が一代違うと、穴の位置からして合わない。調達は、互換表を見てから発注するルールに変えた。	集積回路
しゅうせきかいろ
多数の素子を、一つの基板にまとめた電子回路。
an integrated circuit
故障箇所は、集積回路の一角に白い変色として見えた。交換は基板ごとで、素子を一つずつ外す作業ではない。在庫の型番が一代違うと、穴の位置からして合わない。調達は、互換表を見てから発注するルールに変えた。

keijo	文語の授業では、［　　］が結びの形を決めると先に教えた。係りがあるのに結びが普通形のままなら、そこが誤読の入口だ。現代語へ訳すときは、その呼応を意味の強調として残す。課題は、係りと結びの組を、三例だけ指摘するものだった。	係助
けいじょ
文語で、文末の結びを決める係りの働き。係助詞を短く言う。
the binding function of a classical kakari particle
文語の授業では、係助が結びの形を決めると先に教えた。係りがあるのに結びが普通形のままなら、そこが誤読の入口だ。現代語へ訳すときは、その呼応を意味の強調として残す。課題は、係りと結びの組を、三例だけ指摘するものだった。
辞書の見出しが係助でも、文法用語としては係助詞（けいじょし）が通常。
joge	棚の［　　］で、保管してよい温度が違う。上は乾燥に強く、下は床の冷気を直接受ける。同じ箱でも、置く段を変えただけで中身の状態が分かれた。ラベルは、段の番号を品名より大きく印刷し直した。	上下
じょうげ
上と下。また、上がったり下がったりすること。
above and below; also rising and falling
棚の上下で、保管してよい温度が違う。上は乾燥に強く、下は床の冷気を直接受ける。同じ箱でも、置く段を変えただけで中身の状態が分かれた。ラベルは、段の番号を品名より大きく印刷し直した。
身分の上下、往復、巻の一と二など、用法は広い。この札は位置の上下。
oou	夜のうちに雪が屋根を［　　］と、朝の音が丸くなった。金属を叩く音まで、少し遠くに聞こえる。除雪は軒先だけを先に開け、通路は後回しにした。昼には、朝の白さがすでに薄くなっていた。	覆う
おおう
上から被せて、見えなくする、または包む。
to cover, wrap, or conceal
夜のうちに雪が屋根を覆うと、朝の音が丸くなった。金属を叩く音まで、少し遠くに聞こえる。除雪は軒先だけを先に開け、通路は後回しにした。昼には、朝の白さがすでに薄くなっていた。

haisen	改装の遅れは、壁の中の［　　］が図面と違ったためだ。スイッチの位置は同じでも、途中の経路が一代前のまま残っている。開けるまで分からない、というのが現場の前提になった。次の図面には、推測と確認済みを色で分けて書き込んだ。	配線
はいせん
電気や信号の線を、目的の位置まで引き回すこと。
wiring; the run of a line
改装の遅れは、壁の中の配線が図面と違ったためだ。スイッチの位置は同じでも、途中の経路が一代前のまま残っている。開けるまで分からない、というのが現場の前提になった。次の図面には、推測と確認済みを色で分けて書き込んだ。

hennyu	二年次への［　　］は、単位の読み替えが終わってから許可された。科目名が違っても、内容が重なれば認定できる。重なりの判断は、シラバスの一文ごとに印を付けて行った。本人が最初に届いた書類は、認定された科目の一覧だけだった。	編入
へんにゅう
既存の組織や課程の途中に、新たに入れること。
admission or incorporation into an existing body
二年次への編入は、単位の読み替えが終わってから許可された。科目名が違っても、内容が重なれば認定できる。重なりの判断は、シラバスの一文ごとに印を付けて行った。本人が最初に届いた書類は、認定された科目の一覧だけだった。

ibari-chirasu	成功の直後、彼は廊下で［　　　　　　］のをやめなかった。功績は本物でも、聞き手の仕事を踏みつける言い方だった。上司は成果を認め、その口調だけを別の場で注意した。翌日のメールは、同じ内容を、主語をチームに変えて出している。	威張り散らす
いばりちらす
得意げに、あたりかまわず威張る。
to boast and domineer in every direction
成功の直後、彼は廊下で威張り散らすのをやめなかった。功績は本物でも、聞き手の仕事を踏みつける言い方だった。上司は成果を認め、その口調だけを別の場で注意した。翌日のメールは、同じ内容を、主語をチームに変えて出している。

ibari-kusaru	肩書きだけで［　　　　　　］。議事の規則を、先に読み上げた。声の大きさではなく、発言の順番で場を戻すためだ。本人は笑ったが、次の発言からは挙手を待つようになった。記録には、その注意ではなく、採決の結果だけが残った。	威張りくさる
いばりくさる
いかにも偉そうに、人を見下した態度を取る。
to throw one’s weight around
肩書きだけで威張りくさる。議事の規則を、先に読み上げた。声の大きさではなく、発言の順番で場を戻すためだ。本人は笑ったが、次の発言からは挙手を待つようになった。記録には、その注意ではなく、採決の結果だけが残った。

budomari	新しい刃に替えた週だけ、［　　　　］が目に見えて落ちた。切断面はきれいなのに、寸法のばらつきが大きい。原因は素材ではなく、固定の圧力が仕様より弱かったことだ。圧力を戻すと、翌日には以前の合格率へ戻った。	歩留まり
ぶどまり
投入した材料のうち、合格品として残る割合。
manufacturing yield
新しい刃に替えた週だけ、歩留まりが目に見えて落ちた。切断面はきれいなのに、寸法のばらつきが大きい。原因は素材ではなく、固定の圧力が仕様より弱かったことだ。圧力を戻すと、翌日には以前の合格率へ戻った。

keigen	申請が通ると、今期の税が、［　　］される。全額の免除ではなく、計算式の一項が下がるだけだ。その一項の意味を、窓口は紙の余白に書いて渡した。持ち帰って検算すると、案内の数字と一致していた。	軽減
けいげん
負担や痛み、税などを、軽くすること。
abatement; making a burden lighter
申請が通ると、今期の税が、軽減される。全額の免除ではなく、計算式の一項が下がるだけだ。その一項の意味を、窓口は紙の余白に書いて渡した。持ち帰って検算すると、案内の数字と一致していた。

kukkyo	搬入を頼んだ二人は、［　　］というより、要領がよかった。力はあるのに、角を先に通す順序を間違えない。見ていた職員が、その順序をメモに残した。次の日は、力仕事の募集文に、その手順を一行足した。	屈強
くっきょう
体がたくましく、力が頼もしいこと。
brawny, sturdy, powerfully built
搬入を頼んだ二人は、屈強というより、要領がよかった。力はあるのに、角を先に通す順序を間違えない。見ていた職員が、その順序をメモに残した。次の日は、力仕事の募集文に、その手順を一行足した。

binbin	低音が［　　　　］と床を伝い、会話の子音が消えた。音量そのものより、拍の輪郭が硬すぎる。係は一段階だけ下げ、高音は触らなかった。それで言葉が戻り、苦情の手が下がった。	ビンビン
ビンビン
音や脈打つ感じが、強くはっきりしている様子。
throbbing or blaring with a hard, strong pulse
低音がビンビンと床を伝い、会話の子音が消えた。音量そのものより、拍の輪郭が硬すぎる。係は一段階だけ下げ、高音は触らなかった。それで言葉が戻り、苦情の手が下がった。
俗に体の強張りをいう用法もある。この札は音の硬さ。
gingin	締めつけるように、頭が［　　　　］に痛み出した。光を落とすと少し楽で、音は関係が薄い。薬を飲む前に、水分と、画面を閉じることを先にした。一時間後には、痛みは残っても仕事の文は読めた。	ギンギン
ギンギン
頭が割れそうに痛む様子。また、極度に高ぶる様子。
a splitting intensity, as of a headache
締めつけるように、頭がギンギンに痛み出した。光を落とすと少し楽で、音は関係が薄い。薬を飲む前に、水分と、画面を閉じることを先にした。一時間後には、痛みは残っても仕事の文は読めた。

nagurigaki	メモは［　　　　］で、本人にしか読めない字が混ざっていた。数字だけは大きく、単位が小さい。清書する前に写真を撮り、元の紙は捨てなかった。あとから、清書のほうが単位を一つ落としていた。	殴り書き
なぐりがき
急いで、字形を構わず書いたもの。
a scrawl, written in haste
メモは殴り書きで、本人にしか読めない字が混ざっていた。数字だけは大きく、単位が小さい。清書する前に写真を撮り、元の紙は捨てなかった。あとから、清書のほうが単位を一つ落としていた。

sessei	医師は禁止ではなく、［　　］という言葉を選んだ。ゼロにすると続かず、量と頻度を先に決めるほうが現実的だ。患者はその場で、夜の一杯を週に二度と書き換えた。次回は、その自己申告と検査値を並べて見る。	節制
せっせい
欲望や消費を、度を越さないよう抑えること。
moderation; self-restraint
医師は禁止ではなく、節制という言葉を選んだ。ゼロにすると続かず、量と頻度を先に決めるほうが現実的だ。患者はその場で、夜の一杯を週に二度と書き換えた。次回は、その自己申告と検査値を並べて見る。

seserawarai	提案の途中で、奥の席から［　　　　　］が漏れた。言葉にはなっていないので、議事録には載らない。発表者は一瞬止まり、ページを一つ戻して続けた。あとで議長が、笑いではなく質問の形で出すよう注意した。	せせら笑い
せせらわらい
相手を見下して、鼻で笑うこと。
a scornful, sardonic laugh
提案の途中で、奥の席からせせら笑いが漏れた。言葉にはなっていないので、議事録には載らない。発表者は一瞬止まり、ページを一つ戻して続けた。あとで議長が、笑いではなく質問の形で出すよう注意した。

gongodoudan	未公開の名簿を私的に転送したことは、［　　　　］だと通知に書いた。損害の大小とは別に、信頼の前提が壊れている。本人は、宛先を間違えただけだと弁明した。調査は、その弁明を採用する前に記録の保全から始めた。	言語道断
ごんごどうだん
言葉にするのもはばかられるほど、ひどいこと。
outrageous; beyond excuse
未公開の名簿を私的に転送したことは、言語道断だと通知に書いた。損害の大小とは別に、信頼の前提が壊れている。本人は、宛先を間違えただけだと弁明した。調査は、その弁明を採用する前に記録の保全から始めた。

nefuda	棚の［　　］と、レジの表示が十円違っていた。客は怒りより先に、どちらの紙が新しいかを聞いた。古い札が残り、改定の貼り替えが一部の列だけ終わっていなかった。その日は、安いほうを採用すると店長がその場で言った。	値札
ねふだ
商品の値段を示す札。
a price tag
棚の値札と、レジの表示が十円違っていた。客は怒りより先に、どちらの紙が新しいかを聞いた。古い札が残り、改定の貼り替えが一部の列だけ終わっていなかった。その日は、安いほうを採用すると店長がその場で言った。

taeru	この布は、日常の摩擦には［　　　］が、刃物には耐えない。仕様書は、その区別を試験の種類で書いていた。販売文が「丈夫」とだけ書くと、区別が消える。改訂では、試験名を本文の側へ戻した。	耐える
たえる
負担や痛みに持ちこたえる。また、使用に足る。
to endure, or to be fit for a use
この布は、日常の摩擦には耐えるが、刃物には耐えない。仕様書は、その区別を試験の種類で書いていた。販売文が「丈夫」とだけ書くと、区別が消える。改訂では、試験名を本文の側へ戻した。

shinobi	夜の城下を、［　　］が手紙を運んだと記録は書いている。経路は記さず、着いた時刻と、封が切れていないことだけが残る。技術の手順ではなく、信頼の証拠として残した書き方だ。後世の読者が足した想像と、本文は分けて注釈された。	忍び
しのび
姿を隠して動くこと。また、忍びの者。
stealth; a person moving unseen
夜の城下を、忍びが手紙を運んだと記録は書いている。経路は記さず、着いた時刻と、封が切れていないことだけが残る。技術の手順ではなく、信頼の証拠として残した書き方だ。後世の読者が足した想像と、本文は分けて注釈された。
忍ぶ（耐える）、忍び歩き、忍者など用法が広い。この札は、姿を隠して運ぶ側。
ganzen	予測していた光景が、［　　］にそのままあった。写真で見た構図と、立ったときの高さだけが違う。その差で、奥の扉が思ったより小さく見えた。案内人は何も言わず、見る時間だけを長く取った。	眼前
がんぜん
目の前。今まさに見ているところ。
before one’s eyes
予測していた光景が、眼前にそのままあった。写真で見た構図と、立ったときの高さだけが違う。その差で、奥の扉が思ったより小さく見えた。案内人は何も言わず、見る時間だけを長く取った。

komaku	爆音のあと、［　　］に薄い膜が張ったような感じが残った。痛みはなく、声が自分の頭の中だけで響く。医師は、膜そのものより、気圧の戻りを先に見た。翌日には、普通の大きさで会話ができた。	鼓膜
こまく
耳の奥で、音の振動を受け取る薄い膜。
the eardrum
爆音のあと、鼓膜に薄い膜が張ったような感じが残った。痛みはなく、声が自分の頭の中だけで響く。医師は、膜そのものより、気圧の戻りを先に見た。翌日には、普通の大きさで会話ができた。

fuchi	橋の下には、流れの遅い［　　］があった。表面は穏やかで、底だけが暗い。子供の頃は、そこへ石を投げると戻ってこないと聞かされた。実際に投げた石は、白いうねりを一度だけ残して消えた。	淵
ふち・エン
水が深く淀んだ場所。また、深い果て。
a deep pool; the depths or brink
橋の下には、流れの遅い淵があった。表面は穏やかで、底だけが暗い。子供の頃は、そこへ石を投げると戻ってこないと聞かされた。実際に投げた石は、白いうねりを一度だけ残して消えた。
和語の読みはふち。音はエン。
byosoku	その風の［　　］は、歩く向きを変えたくなる強さだった。数値は予報より小さく、体感は予報より大きい。建物の角で、同じ風が急に刀のように細くなる。計測器は広場の中央にあり、その角を見ていなかった。	秒速
びょうそく
一秒あたりの速さ。
speed per second
その風の秒速は、歩く向きを変えたくなる強さだった。数値は予報より小さく、体感は予報より大きい。建物の角で、同じ風が急に刀のように細くなる。計測器は広場の中央にあり、その角を見ていなかった。

zotto	最後の一行を読んだ者は、一様に［　　　］。誰もすぐには、次の頁を開かなかった。茶を淹れ直して、ようやく議論の言葉が戻る。その沈黙自体を、著者は計算していなかったという。	ぞっと
ぞっと
恐怖や嫌悪で、背筋が冷える様子。
with a shudder of horror or disgust
最後の一行を読んだ者は、一様にぞっと。誰もすぐには、次の頁を開かなかった。茶を淹れ直して、ようやく議論の言葉が戻る。その沈黙自体を、著者は計算していなかったという。

zotto-shinai	仕上がりは丁寧だが、それは［　　　　　　］。色も寸法も指示どおりで、欠点を一文にできない。それでも、もう一度頼みたいとは誰も言わなかった。理由を聞かれ、同僚は「温度がない」とだけ書いた。	ぞっとしない
ぞっとしない
気持ちが動かず、むしろ薄ら寒い感じがする。
unappealing; vaguely off-putting
仕上がりは丁寧だが、それはぞっとしない。色も寸法も指示どおりで、欠点を一文にできない。それでも、もう一度頼みたいとは誰も言わなかった。理由を聞かれ、同僚は「温度がない」とだけ書いた。

tohi	隣の項へ進むとき比が一定なら、それを［　　］と呼ぶ。差が一定な場合とは、増え方の気持ちがまったく違う。小さく見えても、段が進むと差が急に開く。課題は、どちらの型かを、式を解く前に言わせた。	等比
とうひ
隣り合う項の比が、一定であること。
a constant ratio between successive terms
隣の項へ進むとき比が一定なら、それを等比と呼ぶ。差が一定な場合とは、増え方の気持ちがまったく違う。小さく見えても、段が進むと差が急に開く。課題は、どちらの型かを、式を解く前に言わせた。

suuretsu	黒板の［　　］は、四項までしか書いていなかった。五項めを、規則の名前ではなく計算で出させる。規則の名前を先に言うと、観察がそこで止まるからだ。半分の学生は、名前が分かっても第五項を間違えた。	数列
すうれつ
数を、順番を付けて並べたもの。
a numerical sequence
黒板の数列は、四項までしか書いていなかった。五項めを、規則の名前ではなく計算で出させる。規則の名前を先に言うと、観察がそこで止まるからだ。半分の学生は、名前が分かっても第五項を間違えた。

hensai	［　　］は毎月同じ日で、金額だけが残額に応じて変わる。早く返した月は、翌月の額が自動では減らない。その仕様を知らずに、繰り上げを二度行った者がいた。窓口は、減るのは元の側だと紙に図を描いて説明した。	返済
へんさい
借りた金を、約束に従って返すこと。
repayment of a debt
返済は毎月同じ日で、金額だけが残額に応じて変わる。早く返した月は、翌月の額が自動では減らない。その仕様を知らずに、繰り上げを二度行った者がいた。窓口は、減るのは元の側だと紙に図を描いて説明した。

yokin	［　　］の名義と、実際に通帳を持っている人が違っていた。手続きには、名義人の確認が先で、残高の話はそのあとだ。窓口は、家族であることは理由にならないと繰り返した。必要書類の一覧は、その日のうちに郵送でも届くようにした。	預金
よきん
銀行などに預けてあるお金。また、預けること。
a bank deposit
預金の名義と、実際に通帳を持っている人が違っていた。手続きには、名義人の確認が先で、残高の話はそのあとだ。窓口は、家族であることは理由にならないと繰り返した。必要書類の一覧は、その日のうちに郵送でも届くようにした。

kinri	契約書の［　　］は、固定と変動のどちらを選ぶ欄が空だった。空欄のまま進むと、店側の標準である変動が適用される。説明はその標準を、太字ではなく注の二行目に置いていた。担当は、選ぶまで印を押さないよう、その場で書き足した。	金利
きんり
お金を貸借するときの、利息の割合やその仕組み。
interest, as a rate charged or paid on money
契約書の金利は、固定と変動のどちらを選ぶ欄が空だった。空欄のまま進むと、店側の標準である変動が適用される。説明はその標準を、太字ではなく注の二行目に置いていた。担当は、選ぶまで印を押さないよう、その場で書き足した。

riritsu	掲示の［　　］は、年と月で数字が違う。月の数字を十二倍しても、年の数字にはぴったり一致しない。手数料の扱いが、二つの表示で違うためだ。客が指で示したのは、大きいほうではなく、注のほうだった。	利率
りりつ
元の額に対する利息の、百分率などの比率。
the interest rate as a percentage
掲示の利率は、年と月で数字が違う。月の数字を十二倍しても、年の数字にはぴったり一致しない。手数料の扱いが、二つの表示で違うためだ。客が指で示したのは、大きいほうではなく、注のほうだった。

shoko	規則が同じでも、［　　］が違えば、十項めは別の数になる。学生は規則の名前だけを覚えて、最初の数をノートに書かない。採点は、その書き落としを、計算ミスとは別の欄にした。次の回から、その数を赤で囲ってから規則を言うようにした。	初項
しょこう
数列の、最初の項。
the first term of a sequence
規則が同じでも、初項が違えば、十項めは別の数になる。学生は規則の名前だけを覚えて、最初の数をノートに書かない。採点は、その書き落としを、計算ミスとは別の欄にした。次の回から、その数を赤で囲ってから規則を言うようにした。

unyo	積立の［　　］は、元を減らさない範囲に限ると規約にある。増やす話より、減らさない話のほうが条項は長い。担当が提案できる商品は、その条項を満たす一覧に載ったものだけだ。一覧にない商品の説明は、会議の議題にできなかった。	運用
うんよう
資金や規則や機械を、目的に沿って実際に動かすこと。
putting funds, rules, or a system to work
積立の運用は、元を減らさない範囲に限ると規約にある。増やす話より、減らさない話のほうが条項は長い。担当が提案できる商品は、その条項を満たす一覧に載ったものだけだ。一覧にない商品の説明は、会議の議題にできなかった。

risoku	［　　］は月末に付き、元の残高とは別の行に記帳される。通帳で同じ行に見えると、何が増えたのかが後から分からない。古い口座だけ、その分離がまだ手書きの矢印だった。刷新の第一要件は、その矢印をシステムの欄にすることだった。	利息
りそく
元金とは別に、貸借の対価として付く金。
interest paid on a principal
利息は月末に付き、元の残高とは別の行に記帳される。通帳で同じ行に見えると、何が増えたのかが後から分からない。古い口座だけ、その分離がまだ手書きの矢印だった。刷新の第一要件は、その矢印をシステムの欄にすることだった。

gankin	繰り上げた分は、利息ではなく［　　］から先に落ちる。その順序を逆に思うと、残りの期間の負担を誤る。明細書は、二つの減少を別の列にしてから分かりやすくなった。説明の電話は、列を増やした月に半分になった。	元金
がんきん
利息を含まない、借りた、または預けた本来の額。
principal, apart from interest
繰り上げた分は、利息ではなく元金から先に落ちる。その順序を逆に思うと、残りの期間の負担を誤る。明細書は、二つの減少を別の列にしてから分かりやすくなった。説明の電話は、列を増やした月に半分になった。

tanri	この積立は［　　］で、増えた分にさらに利息は付かない。期間が短いと比較は小さいが、年数が伸びると差が開く。パンフレットは、その差を同じ軸のグラフで示していた。顧客が残した質問は、グラフの軸が零から始まっているかどうかだった。	単利
たんり
利息を元に組み入れず、当初の額に対してだけ計算する方式。
simple interest, not compounded
この積立は単利で、増えた分にさらに利息は付かない。期間が短いと比較は小さいが、年数が伸びると差が開く。パンフレットは、その差を同じ軸のグラフで示していた。顧客が残した質問は、グラフの軸が零から始まっているかどうかだった。

rekizen	二つの写真を並べると、改ざんの跡は［　　］としていた。影の方向が、同じ時刻ではありえない。説明は長くても、その不一致の前では短く見える。委員会は、動機を問う前に、この不一致を事実として採った。	歴然
れきぜん
隠しようがないほど、はっきりしていること。
plain, unmistakable, standing in evidence
二つの写真を並べると、改ざんの跡は歴然としていた。影の方向が、同じ時刻ではありえない。説明は長くても、その不一致の前では短く見える。委員会は、動機を問う前に、この不一致を事実として採った。

gotoku	彼は石の［　　　］、動かなかった。問いを変えても、答えの速度が変わらない。怒っているのではなく、決めたあとなのだ、と隣が言った。その沈黙が、会議の結論そのものになった。	ごとく
ごとく
〜のように、という、やや文語のたとえ。
in the manner of; as if
彼は石のごとく、動かなかった。問いを変えても、答えの速度が変わらない。怒っているのではなく、決めたあとなのだ、と隣が言った。その沈黙が、会議の結論そのものになった。

nao	手順は以上である。［　　］、試料は冷蔵のままで運ぶ。本文に書くと手順に見えるので、注の位置に置いた。その注を読まずに始めた班が、最初の一日を無駄にした。次の版では、注の番号を題の直後へ移した。	なお
なお
前の話に、付け足しや但し書きを加える接続。
furthermore; note that; still
手順は以上である。なお、試料は冷蔵のままで運ぶ。本文に書くと手順に見えるので、注の位置に置いた。その注を読まずに始めた班が、最初の一日を無駄にした。次の版では、注の番号を題の直後へ移した。

naokatsu	報告は短い。［　　　　］、必要な数字が一つも落ちていない。長さと完全さは、普通はどちらかを犠牲にする。この一枚は、その妥協を拒否した書き方だった。手本として配られたとき、余白の多さに皆が先に気づいた。	なおかつ
なおかつ
その上に、さらに、という積み重ね。
and what is more; on top of that
報告は短い。なおかつ、必要な数字が一つも落ちていない。長さと完全さは、普通はどちらかを犠牲にする。この一枚は、その妥協を拒否した書き方だった。手本として配られたとき、余白の多さに皆が先に気づいた。

tashizan	効果は［　　　］では説明できず、組み合わせで急に増えた。一つずつ試した月は、どれも誤差の範囲に収まっている。同時にかけた月だけが、グラフの外へ跳ねた。報告書は、その跳ねを、別の章に隔離した。	足し算
たしざん
数を加えて合計を出す計算。また、単純な積み増し。
addition; a mere summing-up
効果は足し算では説明できず、組み合わせで急に増えた。一つずつ試した月は、どれも誤差の範囲に収まっている。同時にかけた月だけが、グラフの外へ跳ねた。報告書は、その跳ねを、別の章に隔離した。

banyu	模型は、［　　　　］を糸の張力に置き換えて見せた。距離が二倍になると、引きは急に弱くなる。その弱まり方を、式の前に手で感じさせるのが狙いだ。生徒が驚いたのは、遠いほうの玉が、それでも完全には離れないことだった。	万有引力
ばんゆういんりょく
質量を持つ物どうしが引き合う、普遍の力。
universal gravitation
模型は、万有引力を糸の張力に置き換えて見せた。距離が二倍になると、引きは急に弱くなる。その弱まり方を、式の前に手で感じさせるのが狙いだ。生徒が驚いたのは、遠いほうの玉が、それでも完全には離れないことだった。

jitenjiku	地球儀の［　　　］は、台に対して少し傾いたまま固定されている。その傾きが、季節の説明の出発点だと授業は繰り返した。傾きを零にすると、同じ模型では季節が消える。子供は、消えたほうを先に不思議がった。	自転軸
じてんじく
天体や回転体が、自ら回るときの軸。
the axis of rotation
地球儀の自転軸は、台に対して少し傾いたまま固定されている。その傾きが、季節の説明の出発点だと授業は繰り返した。傾きを零にすると、同じ模型では季節が消える。子供は、消えたほうを先に不思議がった。

enshin	カーブでは、［　　　］で体が外側のドアへ寄った。速度を落とすと、その寄りはすぐに弱くなる。運転手は、寄りを消すことより、乗客の姿勢を先に見た。次のカーブの前に、速度の数字を声に出して確認した。	遠心力
えんしんりょく
回転するとき、外へ飛ばされそうに感じる力。
centrifugal force, as felt outward in a turn
カーブでは、遠心力で体が外側のドアへ寄った。速度を落とすと、その寄りはすぐに弱くなる。運転手は、寄りを消すことより、乗客の姿勢を先に見た。次のカーブの前に、速度の数字を声に出して確認した。

bunpu	点数の［　　］は、平均より、山が二つあることのほうが問題だった。同じ平均でも、真ん中が空なら、授業は一つに届いていない。担当は、平均の欄を報告の末尾へ下げた。議論は、二つの山のどちらを先に聞くかから始まった。	分布
ぶんぷ
値や物が、範囲の中でどのように散らばっているか。
a distribution; how something is spread
点数の分布は、平均より、山が二つあることのほうが問題だった。同じ平均でも、真ん中が空なら、授業は一つに届いていない。担当は、平均の欄を報告の末尾へ下げた。議論は、二つの山のどちらを先に聞くかから始まった。

tanaoroshi	期末の［　　］は、店を閉めてから、二人一組で行う。数えた者と書いた者を分けると、見落としが減る。不一致は、その夜のうちに棚へ戻って再確認する。翌朝の開店前に、差異の一覧だけが店長の机に残った。	棚卸
たなおろし
在庫を実際に数えて、帳簿と突き合わせること。
a stocktake
期末の棚卸は、店を閉めてから、二人一組で行う。数えた者と書いた者を分けると、見落としが減る。不一致は、その夜のうちに棚へ戻って再確認する。翌朝の開店前に、差異の一覧だけが店長の机に残った。

tanaoroshi-shisan	決算書の［　　　　］は、倉庫の感覚よりいつも少ない。不良品と、すでに売約済みの分は、資産に入れない。現場が「まだある」と感じる山の一部は、帳簿の外だった。その差を埋める説明が、注記の半分を占めた。	棚卸資産
たなおろししさん
販売や製造のために持つ、会計上の在庫。
inventory as a balance-sheet asset
決算書の棚卸資産は、倉庫の感覚よりいつも少ない。不良品と、すでに売約済みの分は、資産に入れない。現場が「まだある」と感じる山の一部は、帳簿の外だった。その差を埋める説明が、注記の半分を占めた。

jiyujizai	その筆遣いは、［　　　　］というより、制約の中で正確だった。使える色は三色で、紙のサイズも決まっている。その枠の中で、同じ文字が十通りに見える。見ていた生徒は、自由の語を、枠の話に書き換えた。	自由自在
じゆうじざい
思いのままに、滞りなく扱えること。
with complete mastery and freedom
その筆遣いは、自由自在というより、制約の中で正確だった。使える色は三色で、紙のサイズも決まっている。その枠の中で、同じ文字が十通りに見える。見ていた生徒は、自由の語を、枠の話に書き換えた。

zahyo	欠点の位置は、言葉ではなく［　　］で報告書に残した。「右のほう」では、次の人が同じ点に戻れない。原点をどこに置くかを、図の隅に必ず書く。その一行がない図は、その日から受け取らないことにした。	座標
ざひょう
位置を、数の組で表したもの。
a coordinate, or a set of coordinates
欠点の位置は、言葉ではなく座標で報告書に残した。「右のほう」では、次の人が同じ点に戻れない。原点をどこに置くかを、図の隅に必ず書く。その一行がない図は、その日から受け取らないことにした。

zahyo-kika	授業は、［　　　　　］に入る前に、原点の約束だけを確認した。軸の向きが違うと、同じ点でも式の符号が逆になる。その逆を、計算ミスと区別するのが最初の課題だ。半分の答案は、図は正しく、式の符号だけが反対だった。	座標幾何学
ざひょうきかがく
図形を、座標と式で扱う幾何。
coordinate geometry
授業は、座標幾何学に入る前に、原点の約束だけを確認した。軸の向きが違うと、同じ点でも式の符号が逆になる。その逆を、計算ミスと区別するのが最初の課題だ。半分の答案は、図は正しく、式の符号だけが反対だった。

jisso	仕様は決まっても、［　　］は来月の分岐に残った。画面の文言と、保存される値の対応がまだ空いている。その対応表がないままコードを書くと、後から名前が衝突する。着手の条件は、表の空欄が零になることだと週報に書いた。	実装
じっそう
仕様を、実際に動く形へ落とすこと。
implementation; making a specification actually run
仕様は決まっても、実装は来月の分岐に残った。画面の文言と、保存される値の対応がまだ空いている。その対応表がないままコードを書くと、後から名前が衝突する。着手の条件は、表の空欄が零になることだと週報に書いた。

dentaku	机の抽斗には、同じ型の［　　］が二台入っていた。一台は税込の設定、もう一台は税抜のままになっている。表示は似ているので、設定の札を裏面に貼った。それ以来、見積りの桁が、担当によってずれることが減った。	電卓
でんたく
手のひらで使う、電子の計算機。
a pocket electronic calculator
机の抽斗には、同じ型の電卓が二台入っていた。一台は税込の設定、もう一台は税抜のままになっている。表示は似ているので、設定の札を裏面に貼った。それ以来、見積りの桁が、担当によってずれることが減った。

dentaku-tataku	話が長くなると、彼は無言で［　　　　　］。画面を見せるのは、相手の数字と合わなかったときだけだ。合うと、何も言わずに抽斗へ戻す。その沈黙が、この席では同意の合図になっていた。	電卓を叩く
でんたくをたたく
電卓で計算する。転じて、採算をその場で見る。
to work a calculator; to run the numbers
話が長くなると、彼は無言で電卓を叩く。画面を見せるのは、相手の数字と合わなかったときだけだ。合うと、何も言わずに抽斗へ戻す。その沈黙が、この席では同意の合図になっていた。

takuetsu	その演奏の［　　］は、速さではなく、弱い音の残り方にあった。ホールの奥でも、旋律が床に落ちずに届く。批評は技術語を並べたあと、最後にその一点へ戻った。翌週の練習は、強い音を抑えることから始めた。	卓越
たくえつ
ほかより、はっきり抜きんでていること。
marked excellence; preeminence
その演奏の卓越は、速さではなく、弱い音の残り方にあった。ホールの奥でも、旋律が床に落ちずに届く。批評は技術語を並べたあと、最後にその一点へ戻った。翌週の練習は、強い音を抑えることから始めた。

keisanki	実験室の［　　　］は、結果を出す前に、入力の単位を二度聞く。人が間違えるのは、式より、メートルとミリの取り違えだった。確認の一行を煩がる者ほど、その取り違えを繰り返した。ログには、計算時間より、確認を飛ばした回数が残る。	計算機
けいさんき
計算をする機械。手の計算機から、大きな電子計算機まで。
a calculator or a computer
実験室の計算機は、結果を出す前に、入力の単位を二度聞く。人が間違えるのは、式より、メートルとミリの取り違えだった。確認の一行を煩がる者ほど、その取り違えを繰り返した。ログには、計算時間より、確認を飛ばした回数が残る。

suichoku	柱が［　　］かどうかは、目より、下げ振りで見た。壁紙の模様は、少しの傾きを隠してしまう。糸が床の印に重なったときだけ、固定のビスを締める。その印は、工事のあとで塗料の下に消えた。	垂直
すいちょく
水平に対して直角なこと。また、まっすぐに立っていること。
vertical; perpendicular
柱が垂直かどうかは、目より、下げ振りで見た。壁紙の模様は、少しの傾きを隠してしまう。糸が床の印に重なったときだけ、固定のビスを締める。その印は、工事のあとで塗料の下に消えた。

sakuin	本文より、［　　］を先に引く読者がこの資料には多い。用語が頁に散らばっているので、通読が検索に向かない。掲げた語が本文と一字でも違うと、そこが欠ける。改訂のたびに、語のゆれを先に揃える係を置いた。	索引
さくいん
本の末尾などで、語から頁へ引けるようにした一覧。
an index
本文より、索引を先に引く読者がこの資料には多い。用語が頁に散らばっているので、通読が検索に向かない。掲げた語が本文と一字でも違うと、そこが欠ける。改訂のたびに、語のゆれを先に揃える係を置いた。

hikokunin	［　　　］の席は、傍聴席から顔がよく見える位置にあった。無罪を主張している段階では、呼称を誤らないよう注意が紙で配られた。報道は、判決まで疑いで書き、断定を避けると社内規定にある。その規定の違反は、記事の訂正より、呼称の一件が先に問題になった。	被告人
ひこくにん
刑事裁判で、罪を問われている人。
the accused in a criminal trial
被告人の席は、傍聴席から顔がよく見える位置にあった。無罪を主張している段階では、呼称を誤らないよう注意が紙で配られた。報道は、判決まで疑いで書き、断定を避けると社内規定にある。その規定の違反は、記事の訂正より、呼称の一件が先に問題になった。

manbiki	［　　　］の疑いがあるとき、店員は店の外では止めないと決まっていた。誤認の危害を、未払いの損失より重く見ている。店内で声をかけ、支払いの有無だけを確認する。その手順は、新人の初週に、商品知識より先に読ませた。	万引き
まんびき
店の商品を、代金を払わずに持ち出すこと。
shoplifting
万引きの疑いがあるとき、店員は店の外では止めないと決まっていた。誤認の危害を、未払いの損失より重く見ている。店内で声をかけ、支払いの有無だけを確認する。その手順は、新人の初週に、商品知識より先に読ませた。

henkyaku	資料の［　　］は、窓口ではなく、元の棚の位置までが仕事だった。箱に戻すだけでは、次の人が頁の折れに気づかない。担当は、戻した時刻と、折れの有無をカードに残した。そのカードが、後の汚損の責任を静かに分けた。	返却
へんきゃく
借りたものや、預かったものを、元の相手へ返すこと。
returning something to its owner or lender
資料の返却は、窓口ではなく、元の棚の位置までが仕事だった。箱に戻すだけでは、次の人が頁の折れに気づかない。担当は、戻した時刻と、折れの有無をカードに残した。そのカードが、後の汚損の責任を静かに分けた。

rikken	検察は、証言が揃った段階で［　　］に進んだとだけ発表した。何を証拠にしたかは、その文には書いていない。報道は、発表の動詞と、まだ書いていない範囲を分けて伝えた。翌週の続報は、手続きの段階の名前を訂正するものだった。	立件
りっけん
捜査を、刑事事件として正式に立ち上げること。
formally opening a criminal case
検察は、証言が揃った段階で立件に進んだとだけ発表した。何を証拠にしたかは、その文には書いていない。報道は、発表の動詞と、まだ書いていない範囲を分けて伝えた。翌週の続報は、手続きの段階の名前を訂正するものだった。

kison	新しい規定は、［　　］の契約には自動では及ばない。及ばせるには、一通ずつの同意が要る。その同意の集め方を、本文は別紙に退避していた。別紙を読まずに説明した担当が、最初の苦情を受けた。	既存
きそん
すでにそこにあること。
already existing
新しい規定は、既存の契約には自動では及ばない。及ばせるには、一通ずつの同意が要る。その同意の集め方を、本文は別紙に退避していた。別紙を読まずに説明した担当が、最初の苦情を受けた。

kison-sochi	増設は、［　　　　］の電源容量を超えないことが条件だった。図面上の余裕と、実測の余裕は、夏と冬で違う。採用したのは、暑い週の実測のほうだ。その選択を、仕様書の一行目に書き戻した。	既存装置
きそんそうち
新設ではなく、すでに据え付けてある装置。
equipment already installed
増設は、既存装置の電源容量を超えないことが条件だった。図面上の余裕と、実測の余裕は、夏と冬で違う。採用したのは、暑い週の実測のほうだ。その選択を、仕様書の一行目に書き戻した。

midashi	記事の［　　　］が、本文より強い断定になっていた。本文は可能性と書き、題は事実のように読める。デスクは、題を本文の動詞に合わせて削った。削ったあとの紙面は、地味で、苦情が一つ減った。	見出し
みだし
記事や項目の、内容を短く示す題。
a heading or headline
記事の見出しが、本文より強い断定になっていた。本文は可能性と書き、題は事実のように読める。デスクは、題を本文の動詞に合わせて削った。削ったあとの紙面は、地味で、苦情が一つ減った。

irei	開会が朝ではなく夜になったのは、この会では［　　］だった。理由は天候で、式次第の中身は変えていない。それでも、参列の顔ぶれは昼のときと明らかに違った。記録は、時刻の変更と、出席の差を別の行に残した。	異例
いれい
これまでの例に、はっきり外れていること。
exceptional; without a normal precedent
開会が朝ではなく夜になったのは、この会では異例だった。理由は天候で、式次第の中身は変えていない。それでも、参列の顔ぶれは昼のときと明らかに違った。記録は、時刻の変更と、出席の差を別の行に残した。

massatsu	その反対意見は、議事の要旨から［　　］されていた。テープには残っているので、その場になかったわけではない。要旨の担当は、紙幅の都合だと説明した。委員会は、都合を理由に意見を落とすことを、次の回から禁止した。	抹殺
まっさつ
記録や意見を、なかったことにして消すこと。
erasure; blotting a view or a record out of existence
その反対意見は、議事の要旨から抹殺されていた。テープには残っているので、その場になかったわけではない。要旨の担当は、紙幅の都合だと説明した。委員会は、都合を理由に意見を落とすことを、次の回から禁止した。

yube	［　　］の地震で、棚の本が床まで落ちていた。被害はそれだけで、ガラスは一つも割れていない。朝の報告は、落ちた本の数より、割れていないことを先に書いた。その順序が、読み手の不安を一段下げた。	夕べ
ゆうべ
昨夜。また、夕方。
last night; also the evening
夕べの地震で、棚の本が床まで落ちていた。被害はそれだけで、ガラスは一つも割れていない。朝の報告は、落ちた本の数より、割れていないことを先に書いた。その順序が、読み手の不安を一段下げた。
夕べは「昨夜」と「夕方」の両方に使う。この札の文は昨夜。
dasshutsu	停電した箱から［　　］するまで、表示は十分と出ていた。実際には、手動の手順を読んでから七分で扉が開いた。焦ってこじ開けるより、表示の手順のほうが早かった。その体験を、翌月の点検の読み合わせに加えた。	脱出
だっしゅつ
閉じ込められた状態から、外へ出ること。
getting out of a trap or enclosure
停電した箱から脱出するまで、表示は十分と出ていた。実際には、手動の手順を読んでから七分で扉が開いた。焦ってこじ開けるより、表示の手順のほうが早かった。その体験を、翌月の点検の読み合わせに加えた。
医学で、臓器などが正常な位置から外へ出ることも脱出という。この札は閉じ込めからの脱出。
sosaku	［　　］は、明るいうちに岸の範囲を先に区切って始めた。闇に入ってから範囲を広げると、同じ場所を何度も踏む。指揮は、新しい情報があっても区切りを崩さなかった。その夜の記録は、見つけた物より、探し終わった区画の一覧が厚い。	捜索
そうさく
行方の分からない人や物を、組織的に探すこと。
a search, especially for someone missing
捜索は、明るいうちに岸の範囲を先に区切って始めた。闇に入ってから範囲を広げると、同じ場所を何度も踏む。指揮は、新しい情報があっても区切りを崩さなかった。その夜の記録は、見つけた物より、探し終わった区画の一覧が厚い。

kanagawa	会議の会場は、［　　　　］の海岸に近い公会堂だった。都心からだと、乗換が一回増えるだけで所要は大きく変わらない。地元の参加者は、その一回を理由に開始を遅らせないでほしいと言った。時刻は、一番遠い参加者が間に合う便に合わせて決めた。	神奈川県
かながわけん
関東にある県の一つ。
Kanagawa Prefecture
会議の会場は、神奈川県の海岸に近い公会堂だった。都心からだと、乗換が一回増えるだけで所要は大きく変わらない。地元の参加者は、その一回を理由に開始を遅らせないでほしいと言った。時刻は、一番遠い参加者が間に合う便に合わせて決めた。

yukuefumei	連絡が二日途絶えた時点で、［　　　　］として扱いが変わった。単なる不在と、探す対象では、記録の欄が違う。家族への説明は、その欄の意味を先に確認してから行った。翌日の朝、本人からの短い連絡で、欄は通常へ戻った。	行方不明
ゆくえふめい
どこにいるか、どこへ行ったかが分からないこと。
missing; whereabouts unknown
連絡が二日途絶えた時点で、行方不明として扱いが変わった。単なる不在と、探す対象では、記録の欄が違う。家族への説明は、その欄の意味を先に確認してから行った。翌日の朝、本人からの短い連絡で、欄は通常へ戻った。

kaijo	予報は、［　　］だけ風が強いと分けて出していた。陸の体感で船の判断をすると、帰りが難しくなる。船長は、陸の晴れ間を理由に出港を認めなかった。その判断を、乗客の何人かは過剰だと思ったまま下船した。	海上
かいじょう
海の上。陸から離れた水面。
on the sea; at sea
予報は、海上だけ風が強いと分けて出していた。陸の体感で船の判断をすると、帰りが難しくなる。船長は、陸の晴れ間を理由に出港を認めなかった。その判断を、乗客の何人かは過剰だと思ったまま下船した。

kishocho	警報の文面は、［　　　］の発表を一字も変えずに転載した。解説を足すときは、発表文と別の枠に隔離する。混ぜると、どこまでが公式かがあとから分からない。その隔離は、紙面より、画面の色で先に徹底された。	気象庁
きしょうちょう
天気や地震などの情報を公式に出す国の機関。
the Japan Meteorological Agency
警報の文面は、気象庁の発表を一字も変えずに転載した。解説を足すときは、発表文と別の枠に隔離する。混ぜると、どこまでが公式かがあとから分からない。その隔離は、紙面より、画面の色で先に徹底された。

shukkin	その日の［　　］は、正午からで、朝の便には乗らなかった。交替の時刻が、掲示と本人の記憶で一時間ずれている。正しいのは掲示のほうで、記憶は前の週のままだった。ずれに気づいたのは、鍵を持っているもう一人が先に着いてからだ。	出勤
しゅっきん
仕事に行くこと。職場にいること。
going to work; being on duty
その日の出勤は、正午からで、朝の便には乗らなかった。交替の時刻が、掲示と本人の記憶で一時間ずれている。正しいのは掲示のほうで、記憶は前の週のままだった。ずれに気づいたのは、鍵を持っているもう一人が先に着いてからだ。

shuno	狭い部屋では、［　　　　］の奥行きが扉の開く幅を決めた。容量より、開いたときに通路が残るかが先の条件だ。カタログの写真は、その通路を写していなかった。採寸は、扉を九十度まで開いた状態でやり直した。	収納家具
しゅうのうかぐ
物をしまって、部屋の中に収めるための家具。
storage furniture; a cabinet or closet
狭い部屋では、収納家具の奥行きが扉の開く幅を決めた。容量より、開いたときに通路が残るかが先の条件だ。カタログの写真は、その通路を写していなかった。採寸は、扉を九十度まで開いた状態でやり直した。

kantei	購入の前に、第三者の［　　］を条件として契約に書いた。売り手の説明は参考で、判断の根拠にはしない。結果が保留のときは、代金を預けたまま日を置く。その預け金の扱いが、契約書では条項の本体より長かった。	鑑定
かんてい
専門家が、本物かどうかや価値を判断すること。
an expert appraisal or authentication
購入の前に、第三者の鑑定を条件として契約に書いた。売り手の説明は参考で、判断の根拠にはしない。結果が保留のときは、代金を預けたまま日を置く。その預け金の扱いが、契約書では条項の本体より長かった。

mokugeki	［　　　　］は、時刻については揃い、色については割れた。記憶は、動いた方向より、服装の細部で先に揺れる。取調の記録は、その揺れを消さずに併記した。後の検討は、揃った時刻のほうを軸に進んだ。	目撃証言
もくげきしょうげん
その場を見たと語る、証人の陳述。
eyewitness testimony
目撃証言は、時刻については揃い、色については割れた。記憶は、動いた方向より、服装の細部で先に揺れる。取調の記録は、その揺れを消さずに併記した。後の検討は、揃った時刻のほうを軸に進んだ。

gazo	報告書に貼った［　　］は、トリミングで時刻表示が切れていた。本文の時刻と、元データの時刻が、一分ずれている。どちらが正しいかは、切る前のファイルに戻らないと決まらない。以後、貼付は原本の複製とし、切り抜きは別紙にした。	画像
がぞう
写真や画面に映った、視覚の記録。
an image; a picture as a record
報告書に貼った画像は、トリミングで時刻表示が切れていた。本文の時刻と、元データの時刻が、一分ずれている。どちらが正しいかは、切る前のファイルに戻らないと決まらない。以後、貼付は原本の複製とし、切り抜きは別紙にした。

shikeishu	報道は、［　　　］の実名を、判決が確定したあとに限り出していた。確定前は、記号と年齢だけで記事を組む。その内規は、興味ではなく、誤った確定を防ぐためだと書かれている。デスクは、例外を認める欄を、内規から削除した。	死刑囚
しけいしゅう
死刑の判決が確定し、その執行を待つ人。
a person under a finalized death sentence
報道は、死刑囚の実名を、判決が確定したあとに限り出していた。確定前は、記号と年齢だけで記事を組む。その内規は、興味ではなく、誤った確定を防ぐためだと書かれている。デスクは、例外を認める欄を、内規から削除した。

ketteiteki	その一通が、交渉を［　　　］にこちらへ傾けた。新しい条件ではなく、相手がすでに約束した日付が書いてある。日付があるだけで、解釈の幅がほぼ消えた。会議は、その手紙を読み上げたあと、三十分で閉じた。	決定的
けっていてき
それ以上覆しにくいほど、はっきり決まること。
decisive; conclusive
その一通が、交渉を決定的にこちらへ傾けた。新しい条件ではなく、相手がすでに約束した日付が書いてある。日付があるだけで、解釈の幅がほぼ消えた。会議は、その手紙を読み上げたあと、三十分で閉じた。

ketteiteki-cfg	演習は、［　　　　　　　　　］かどうかを、生成例の前に判定させた。同じ先読みに対して、進む操作が二つあるなら、この類には入らない。入らないものは、曖昧さの場所を矢印で示させる。答案の半分は、定義は書けても、その矢印の位置を誤った。	決定的文脈自由文法
けっていてきぶんみゃくじゆうぶんぽう
先読みによって、次の解析操作が一つに定まる文脈自由文法。
a deterministic context-free grammar
演習は、決定的文脈自由文法かどうかを、生成例の前に判定させた。同じ先読みに対して、進む操作が二つあるなら、この類には入らない。入らないものは、曖昧さの場所を矢印で示させる。答案の半分は、定義は書けても、その矢印の位置を誤った。

kibakuzai	小さな展示が、改装議論の［　　　］になった。来場者の数は少なく、残した感想の具体性だけが多かった。議会は、その感想の繰り返しを、予算の理由に引用した。展示そのものより、引用のされ方が計画を動かした。	起爆剤
きばくざい
大きな変化を始める、きっかけになるもの。
a catalyst that sets a larger change off
小さな展示が、改装議論の起爆剤になった。来場者の数は少なく、残した感想の具体性だけが多かった。議会は、その感想の繰り返しを、予算の理由に引用した。展示そのものより、引用のされ方が計画を動かした。
字義は、より大きな爆発を起こすための開始用の爆薬。この札は、変化のきっかけという用法。手順は書かない。
kaigyo	［　　］の日は、広告より、免許の写しを先に壁へ貼った。来た人の半分は、治療の話の前に、その紙を確認した。予約帳の最初の頁は、知り合いの名前で半分埋まっている。未知の客が書いたのは、午後の最後の一行だけだった。	開業
かいぎょう
店や医院などが、営業を始めること。
opening a shop or a professional practice
開業の日は、広告より、免許の写しを先に壁へ貼った。来た人の半分は、治療の話の前に、その紙を確認した。予約帳の最初の頁は、知り合いの名前で半分埋まっている。未知の客が書いたのは、午後の最後の一行だけだった。

sokai	ビラの題は［　　］と大きく、本文は翌日の営業時間しか書いていない。何を創るのかは、絵の雰囲気に預けてあった。通りがかった人は、時刻をメモして、店の名前を聞き返した。翌日、看板の名前は、ビラより小さい字で出てきた。	創開
そうかい
新たに店などを開くこと。一般には開店・創業が普通。
a grand opening; founding and opening
ビラの題は創開と大きく、本文は翌日の営業時間しか書いていない。何を創るのかは、絵の雰囲気に預けてあった。通りがかった人は、時刻をメモして、店の名前を聞き返した。翌日、看板の名前は、ビラより小さい字で出てきた。
開店や創業のほうが、今は普通の言い方。この札は見出しどおり創開。
jinsoku	苦情への返信は、［　　］であることと、正確であることを分けて測った。早いだけで中身が空だと、二通目の怒りが深くなる。基準は、一時間以内に受領を返し、答えは翌営業日までとした。その二段にすると、空の早さだけが評価されることが減った。	迅速
じんそく
遅れを出さず、すばやく処理すること。
prompt and swift
苦情への返信は、迅速であることと、正確であることを分けて測った。早いだけで中身が空だと、二通目の怒りが深くなる。基準は、一時間以内に受領を返し、答えは翌営業日までとした。その二段にすると、空の早さだけが評価されることが減った。

keishicho	発表文の見出しは、［　　　］の名前で、部署名はその下だった。同じ事件でも、どの課が話すかで、数字の粒度が違う。記者は、粒度の差を、隠している証拠とは書かなかった。質問は、出ている数字の定義に限るよう、社のメモが指示していた。	警視庁
けいしちょう
主に東京を管轄する、警察の本庁。
the Metropolitan Police Department, especially Tokyo
発表文の見出しは、警視庁の名前で、部署名はその下だった。同じ事件でも、どの課が話すかで、数字の粒度が違う。記者は、粒度の差を、隠している証拠とは書かなかった。質問は、出ている数字の定義に限るよう、社のメモが指示していた。

shiwake	届いた箱は、中身を見る前に、［　　　］の色だけで棚へ運んだ。色を間違えると、検品の列が一日ずれる。新人は、色の意味を壁の表で見てから手を出す。表にない色が来た週だけ、責任者がその場に残った。	仕分け
しわけ
種類ごとに分けること。帳簿では、勘定へ振り分けること。
sorting; also posting into accounts
届いた箱は、中身を見る前に、仕分けの色だけで棚へ運んだ。色を間違えると、検品の列が一日ずれる。新人は、色の意味を壁の表で見てから手を出す。表にない色が来た週だけ、責任者がその場に残った。

kirifuda	交渉の［　　　］は、資料の最後ではなく、発言の最後に置いた。早く出すと、相手はそれを前提に残りの条件を組み替える。こちらの順番は、小さな譲歩を先に三つ並べる。三つが受け入れられてから、残りの一つをテーブルに置いた。	切り札
きりふだ
最後に出す、一番強い手段。
a trump card; a measure held in reserve
交渉の切り札は、資料の最後ではなく、発言の最後に置いた。早く出すと、相手はそれを前提に残りの条件を組み替える。こちらの順番は、小さな譲歩を先に三つ並べる。三つが受け入れられてから、残りの一つをテーブルに置いた。

dotai	その金属は［　　］なので、裸のまま手で通路を作ってはいけない。被覆が仕事で、金属そのものの優秀さとは別の話だ。仕様書は、抵抗の小ささより、被覆の耐熱を先に書いていた。選定の会議も、その順番のまま進んだ。	導体
どうたい
電気を通しやすい物質。
an electrical conductor
その金属は導体なので、裸のまま手で通路を作ってはいけない。被覆が仕事で、金属そのものの優秀さとは別の話だ。仕様書は、抵抗の小ささより、被覆の耐熱を先に書いていた。選定の会議も、その順番のまま進んだ。

dosen	古い家の［　　］は、被覆が硬化して指で割れそうだった。中の金属はまだ光るので、切れてはいない。交換の判断は、導通ではなく、被覆の寿命で下した。見積もりは、長さより、壁をどれだけ開けるかで大きく変わった。	銅線
どうせん
銅でできた電線。
copper wire
古い家の銅線は、被覆が硬化して指で割れそうだった。中の金属はまだ光るので、切れてはいない。交換の判断は、導通ではなく、被覆の寿命で下した。見積もりは、長さより、壁をどれだけ開けるかで大きく変わった。

dosen-keikaku	厨房の［　　　　］は、火の前で人が交差しないことを第一にした。最短距離にすると、熱い鍋とサラダが同じ一点でぶつかる。少し遠い経路のほうが、事故の回数が減った。図面の説明は、効率の語を、交差の回数に書き換えてから通った。	動線計画
どうせんけいかく
人や物の動きを、無駄や衝突が少ない経路に設計すること。
planning the circulation of people or goods
厨房の動線計画は、火の前で人が交差しないことを第一にした。最短距離にすると、熱い鍋とサラダが同じ一点でぶつかる。少し遠い経路のほうが、事故の回数が減った。図面の説明は、効率の語を、交差の回数に書き換えてから通った。

zetsuentai	この樹脂は［　　　］で、回路の支えに使っても電流の道にはならない。熱には弱いので、電気の性質だけで選ぶと溶ける。仕様は、絶縁と耐熱を、同じ行に並べて書いた。片方だけを引用した発注が、一度だけ差し戻された。	絶縁体
ぜつえんたい
電気をほとんど通さない物質。
an electrical insulator
この樹脂は絶縁体で、回路の支えに使っても電流の道にはならない。熱には弱いので、電気の性質だけで選ぶと溶ける。仕様は、絶縁と耐熱を、同じ行に並べて書いた。片方だけを引用した発注が、一度だけ差し戻された。

kigo	図の［　　］は、凡例を見ないと、矢印の意味が逆に読める。著者の頭の中では一貫していても、紙の上では説明が足りない。編集は、新しい印を足すより、凡例を最初の頁へ移した。移したあとも、本文は凡例の語と一字もずらさないようにした。	記号
きごう
意味を、約束した形で表す印。
a symbol, sign, or notation
図の記号は、凡例を見ないと、矢印の意味が逆に読める。著者の頭の中では一貫していても、紙の上では説明が足りない。編集は、新しい印を足すより、凡例を最初の頁へ移した。移したあとも、本文は凡例の語と一字もずらさないようにした。

anadoru	初戦の相手を［　　］な、と監督はスコアではなく映像で言った。弱い数字の裏に、特定の局面だけ異常に強い。その局面を避けられなければ、平均点は意味を持たない。選手は、平均の話をその日からベンチでしなくなった。	侮る
あなどる
相手の力を、実際より低く見て馬鹿にする。
to make light of; to underestimate scornfully
初戦の相手を侮るな、と監督はスコアではなく映像で言った。弱い数字の裏に、特定の局面だけ異常に強い。その局面を避けられなければ、平均点は意味を持たない。選手は、平均の話をその日からベンチでしなくなった。

ishizue	後の協定の［　　］は、この短い覚書にあった。本文は四行で、署名の余白のほうが広い。それでも、後の条文はこの四行の語を繰り返している。解説は、立派な建物の話より、この紙の保存状態から始めた。	礎
いしずえ・ソ
建物や事業を支える、土台となるもの。
a foundation stone; the base of an undertaking
後の協定の礎は、この短い覚書にあった。本文は四行で、署名の余白のほうが広い。それでも、後の条文はこの四行の語を繰り返している。解説は、立派な建物の話より、この紙の保存状態から始めた。

ishizue-kizuku	十年の共同研究が、後の協定の［　　　　］ことになった。当時は、協定の語を誰も使っていない。残っているのは、データの共有規則と、著者の順番だけだ。歴史の側が、その規則を土台と呼んだのは、ずっと後である。	礎を築く
いしずえをきずく
後に続くものの、土台を作る。
to lay the foundation for what follows
十年の共同研究が、後の協定の礎を築くことになった。当時は、協定の語を誰も使っていない。残っているのは、データの共有規則と、著者の順番だけだ。歴史の側が、その規則を土台と呼んだのは、ずっと後である。

bodai	ログは［　　］でも、必要な行は一日に十行もなかった。全部を読む計画は、二日目で放棄された。代わりに、失敗の語を含む行だけを先に抜く。その抜き方で、原因の候補は三行にまで減った。	膨大
ぼうだい
量が、扱い切れないほど大きいこと。
enormous in volume or extent
ログは膨大でも、必要な行は一日に十行もなかった。全部を読む計画は、二日目で放棄された。代わりに、失敗の語を含む行だけを先に抜く。その抜き方で、原因の候補は三行にまで減った。

seiho	［　　］は家ごとに非公開で、味の説明だけが公開されている。材料の名は同じでも、休ませる時間が違うらしい。見学は、その時間の部屋には入室できなかった。持ち帰れたのは、完成品と、材料名の紙だけだった。	製法
せいほう
ものを作る、決まった方法。
a method of manufacture; a formula
製法は家ごとに非公開で、味の説明だけが公開されている。材料の名は同じでも、休ませる時間が違うらしい。見学は、その時間の部屋には入室できなかった。持ち帰れたのは、完成品と、材料名の紙だけだった。

kodo	その処理は［　　］で、入門の手順には分解できなかった。一段ずつ示すと、著者自身が途中の前提を言語化できない。講座は、前提の一覧を作る回を、本編の前に足した。受講者が楽になったのは、技法そのものより、その一覧だった。	高度
こうど
程度が高いこと。また、海面などからの高さ。
a high degree of sophistication; also altitude
その処理は高度で、入門の手順には分解できなかった。一段ずつ示すと、著者自身が途中の前提を言語化できない。講座は、前提の一覧を作る回を、本編の前に足した。受講者が楽になったのは、技法そのものより、その一覧だった。
飛行機の高さなど、海抜の意味でも使う。この札は程度の高さ。
tosai	新しい名称が、官報に［　　］された日を、施行の起点にした。社内の発表日と、その起点は三日ずれている。契約は、社内の日ではなく、官報の日を採用すると書いてある。担当が最初に取り違えたのは、その三日だった。	登載
とうさい
名簿や書物に、正式に載せて記録すること。
to enter in a register or to print in a record
新しい名称が、官報に登載された日を、施行の起点にした。社内の発表日と、その起点は三日ずれている。契約は、社内の日ではなく、官報の日を採用すると書いてある。担当が最初に取り違えたのは、その三日だった。

shukusho	計画の［　　］は、中止ではなく、対象の地域を半分にすることだった。残す半分の基準は、人口ではなく、既存の施設の有無だ。その基準を先に言うと、不満の種類が変わった。会議は、基準そのものへの反対と、適用への反対を分けて記録した。	縮小
しゅくしょう
規模や範囲を、小さくすること。
reduction in scale; curtailment
計画の縮小は、中止ではなく、対象の地域を半分にすることだった。残す半分の基準は、人口ではなく、既存の施設の有無だ。その基準を先に言うと、不満の種類が変わった。会議は、基準そのものへの反対と、適用への反対を分けて記録した。

shinkukan	古い受信機の音は、［　　　］を一本替えただけで戻った。代替の半導体より、その管のほうが部品としては高い。残す理由は効率ではなく、その筐体のために設計された回路だからだ。修理票には、性能ではなく、原形の維持と書いた。	真空管
しんくうかん
真空に近い管の中で、電子を飛ばして信号を扱う素子。
a vacuum tube
古い受信機の音は、真空管を一本替えただけで戻った。代替の半導体より、その管のほうが部品としては高い。残す理由は効率ではなく、その筐体のために設計された回路だからだ。修理票には、性能ではなく、原形の維持と書いた。

boeki	講義は、［　　　　］を、関税の表と、新聞の見出しの両方で見せた。数字が動く時期と、語が熱くなる時期は、半年ずれている。そのずれを、感情の遅れとして説明するか、統計の遅れとするかで意見が割れた。課題は、どちらかに決めず、ずれの月数を図にすることだった。	貿易摩擦
ぼうえきまさつ
輸出入の不均衡をめぐって、国どうしの関係がこすれること。
trade friction between countries
講義は、貿易摩擦を、関税の表と、新聞の見出しの両方で見せた。数字が動く時期と、語が熱くなる時期は、半年ずれている。そのずれを、感情の遅れとして説明するか、統計の遅れとするかで意見が割れた。課題は、どちらかに決めず、ずれの月数を図にすることだった。

yuyushiki	同じミスが三部署で同時に出たことを、通知は［　　　　］と書いた。個別の不注意では、説明が揃いすぎている。原因は、共通の手順書の一つの例示だった。例示を消し、代わりに禁止の一文を太字にした。	由々しき
ゆゆしき
そのままにしておけない、事態の深刻さ。
grave and alarming
同じミスが三部署で同時に出たことを、通知は由々しきと書いた。個別の不注意では、説明が揃いすぎている。原因は、共通の手順書の一つの例示だった。例示を消し、代わりに禁止の一文を太字にした。

shisu	初期は小さく見えるので、［　　　　］の危険をグラフの左半分では納得しない。右半分に入ると、同じ式が紙の外へ出る。授業は、左を長く見せてから、右を一枚で見せた。驚いた学生ほど、式そのものは前日に正しく書けていた。	指数関数
しすうかんすう
一定の割合で、段ごとに掛けて増える関数。
an exponential function
初期は小さく見えるので、指数関数の危険をグラフの左半分では納得しない。右半分に入ると、同じ式が紙の外へ出る。授業は、左を長く見せてから、右を一枚で見せた。驚いた学生ほど、式そのものは前日に正しく書けていた。

susamajii	その朝の風は、［　　　　］としか報告のしようがなかった。看板の数字は、体が壁に貼りつく感覚より小さい。外出の判断は、数字が基準を超える前に、現場が止めた。あとから基準も、その日の感覚に合わせて引き上げた。	凄まじい
すさまじい
普通の程度をはるかに超えて、激しいこと。
fierce, tremendous, almost unreal in intensity
その朝の風は、凄まじいとしか報告のしようがなかった。看板の数字は、体が壁に貼りつく感覚より小さい。外出の判断は、数字が基準を超える前に、現場が止めた。あとから基準も、その日の感覚に合わせて引き上げた。

kyotei	［　　］は、理念の文より、違反したときの手続きのほうが長い。美しい前文は、紛争のときにはほとんど引用されない。引用されるのは、何日以内に誰が答えるか、という条項だ。改訂は、前文を残し、その日数だけを短くした。	協定
きょうてい
当事者のあいだで、守る内容を取り決めた合意。
an agreement or a pact
協定は、理念の文より、違反したときの手続きのほうが長い。美しい前文は、紛争のときにはほとんど引用されない。引用されるのは、何日以内に誰が答えるか、という条項だ。改訂は、前文を残し、その日数だけを短くした。

seino	［　　］の数字は、室温と、連続してよい時間を注に書いてあった。注を落とすと、展示の実演とカタログが矛盾して見える。販売は、注を本文の括弧へ引き上げた。苦情は、数字そのものより、条件の言い落としが多かった。	性能
せいのう
機械や人が、決められた条件で出せる働き。
performance under stated conditions
性能の数字は、室温と、連続してよい時間を注に書いてあった。注を落とすと、展示の実演とカタログが矛盾して見える。販売は、注を本文の括弧へ引き上げた。苦情は、数字そのものより、条件の言い落としが多かった。

zaibatsu	史料は、［　　］を、一つの会社ではなく、持株の網として描いていた。表に出る社名は変わっても、議決の集まる場所は同じだ。学生が混乱したのは、社名の改称が、網の改称ではないことだった。試験は、社名ではなく、議決の流れを矢印で書かせた。	財閥
ざいばつ
一族や持株を中心に、多くの企業を束ねた企業集団。
a zaibatsu; a family-centered industrial combine
史料は、財閥を、一つの会社ではなく、持株の網として描いていた。表に出る社名は変わっても、議決の集まる場所は同じだ。学生が混乱したのは、社名の改称が、網の改称ではないことだった。試験は、社名ではなく、議決の流れを矢印で書かせた。

seiatsu	報道は、［　　］の語を、現場の状況が確認できるまで使わなかった。混乱と、支配が完了したことは、別の段階だ。編集は、動詞の候補を三つ残し、一つに決めなかった。翌朝の続報で、使わなかった二つの語が、注として残った。	制圧
せいあつ
抵抗を抑え、自分の側の支配を行き渡らせること。
suppression; gaining control over opposition
報道は、制圧の語を、現場の状況が確認できるまで使わなかった。混乱と、支配が完了したことは、別の段階だ。編集は、動詞の候補を三つ残し、一つに決めなかった。翌朝の続報で、使わなかった二つの語が、注として残った。

ketsuretsu	会談は、共同声明の一句で［　　］した。ほかの項目は、すでに双方が印を付けていた。その一句を、どちらが最後に書き換えたかが記録に残っている。再開の条件は、その句を、会議の外で先に扱うことだった。	決裂
けつれつ
交渉や関係が、合意に至らず断たれること。
a breakdown of talks; rupture
会談は、共同声明の一句で決裂した。ほかの項目は、すでに双方が印を付けていた。その一句を、どちらが最後に書き換えたかが記録に残っている。再開の条件は、その句を、会議の外で先に扱うことだった。

chusuu	決定が遅いのは、［　　］が遠いからではなかった。同じ案件に、最終と判断する席が三つある。三つは互いの結論を、週に一度しか見ない。改革の最初の一文は、最終の席を一つにすることだった。	中枢
ちゅうすう
組織や仕組みの、いちばん中心の部分。
the center, the nerve of an organization
決定が遅いのは、中枢が遠いからではなかった。同じ案件に、最終と判断する席が三つある。三つは互いの結論を、週に一度しか見ない。改革の最初の一文は、最終の席を一つにすることだった。

seizo	不良は、［　　　　］の最後ではなく、乾燥の段で生まれていた。最終検査は、その段の失敗を、別の不良に見せてしまう。検査項目を増やすより、乾燥の記録を一枚足した。足した週から、最終で見つかる数が目に見えて減った。	製造工程
せいぞうこうてい
材料から製品になるまでの、決まった作業の流れ。
a manufacturing process
不良は、製造工程の最後ではなく、乾燥の段で生まれていた。最終検査は、その段の失敗を、別の不良に見せてしまう。検査項目を増やすより、乾燥の記録を一枚足した。足した週から、最終で見つかる数が目に見えて減った。

genzo	暗室で［　　］するまで、その日の写りは誰にも分からない。撮影の現場で成功した顔と、乾いたあとの結果はしばしば違う。記録は、現場の感想を、結果の評価と混ぜないようにした。混ぜた日報だけが、後から読み返すと使えなかった。	現像
げんぞう
撮影したフィルムや乾板を、見える像にすること。
developing a photograph
暗室で現像するまで、その日の写りは誰にも分からない。撮影の現場で成功した顔と、乾いたあとの結果はしばしば違う。記録は、現場の感想を、結果の評価と混ぜないようにした。混ぜた日報だけが、後から読み返すと使えなかった。
現象（げんしょう）とは別語。この札は写真の現像。
kezuri	出汁の表面に、かつおの［　　］がまだ形を残して浮いていた。溶けきる前にすくうと、香りは強いが、味は後から来る。店はその間を、客に説明せず、椀の置き方で調整した。早く飲みすぎた客だけが、薄いと言って椀を戻した。	削り
けずり
削って出た薄い片。また、削る作業。
shavings; the act of shaving or planing
出汁の表面に、かつおの削りがまだ形を残して浮いていた。溶けきる前にすくうと、香りは強いが、味は後から来る。店はその間を、客に説明せず、椀の置き方で調整した。早く飲みすぎた客だけが、薄いと言って椀を戻した。

kokusaku	その産業は、［　　］として育てると文書の冒頭にあった。予算の項目は、冒頭の語よりずっと狭い。読み手は、語の大きさと、項目の狭さの差に先に印を付けた。質問は、語の定義ではなく、項目に入らないものは何かを聞いた。	国策
こくさく
国として、意図して進める大きな方針。
national policy
その産業は、国策として育てると文書の冒頭にあった。予算の項目は、冒頭の語よりずっと狭い。読み手は、語の大きさと、項目の狭さの差に先に印を付けた。質問は、語の定義ではなく、項目に入らないものは何かを聞いた。

kyogaku-coed	その学校が［　　］になったのは、制度の改正の翌年だった。校舎は分かれたままで、授業の名簿だけが一緒になる。卒業生の話は、名簿より、昼の食堂の席の変化を覚えていた。沿革史は、食堂の一行を、制度の年の注に残した。	共学
きょうがく
男女が、同じ学校で一緒に学ぶこと。
coeducation
その学校が共学になったのは、制度の改正の翌年だった。校舎は分かれたままで、授業の名簿だけが一緒になる。卒業生の話は、名簿より、昼の食堂の席の変化を覚えていた。沿革史は、食堂の一行を、制度の年の注に残した。

kyogaku-shock	開票の途中で、委員の顔に、隠しようのない［　　］が走った。事前の調査と、出てきた数字が、桁の感じからして違う。誰もすぐには、その差の理由を言わなかった。再開は、計算の検算が終わるまで、十分と宣言して切った。	驚愕
きょうがく
予期しないことに、息が止まるほど驚くこと。
astonishment; a shock of surprise
開票の途中で、委員の顔に、隠しようのない驚愕が走った。事前の調査と、出てきた数字が、桁の感じからして違う。誰もすぐには、その差の理由を言わなかった。再開は、計算の検算が終わるまで、十分と宣言して切った。

yushutsu	雨のあと、崖の途中から水が［　　］しているのが見えた。普段は染みている程度で、流れにはならない。その日だけ、音がして、下の溝が濁った。地元では、その音がする年を、豊作の目安にはしていない。	湧出
ゆうしゅつ
水や考えが、内から外へ湧き出てくること。
gushing or welling up
雨のあと、崖の途中から水が湧出しているのが見えた。普段は染みている程度で、流れにはならない。その日だけ、音がして、下の溝が濁った。地元では、その音がする年を、豊作の目安にはしていない。

hoitsu	伝記は、晩年の［　　］を、才能の説明としては使わなかった。作品の密度と、生活の乱れを、同じ原因に結びつけないためだ。読者は、その慎重さを、擁護だと受け取る者と、冷淡だと受け取る者に分かれた。著者は、どちらの読みも、本文の意図ではないとあとがきに書いた。	放逸
ほういつ
しまりがなく、欲望のままに流れること。
self-indulgence; letting oneself go
伝記は、晩年の放逸を、才能の説明としては使わなかった。作品の密度と、生活の乱れを、同じ原因に結びつけないためだ。読者は、その慎重さを、擁護だと受け取る者と、冷淡だと受け取る者に分かれた。著者は、どちらの読みも、本文の意図ではないとあとがきに書いた。

oiageru	後半から一気に［　　　　　］、という展開は、監督の予定にはなかった。予定は、点差を守って時間を使うほうだった。選手が変えたのは、指示ではなく、相手の足の止まり方を見たからだ。試合後、監督はその判断を、自分の指示だと偽らなかった。	追い上げる
おいあげる
遅れを詰め、相手に迫る。
to close in on a lead
後半から一気に追い上げる、という展開は、監督の予定にはなかった。予定は、点差を守って時間を使うほうだった。選手が変えたのは、指示ではなく、相手の足の止まり方を見たからだ。試合後、監督はその判断を、自分の指示だと偽らなかった。

ressei	序盤の［　　］は、人数ではなく、情報の遅れから来ていた。同じ人数でも、地図を持っていない側が先に迷う。地図が届いた時点で、点差はそのままだった。それでも、次の判断の速度だけは、明らかに戻った。	劣勢
れっせい
数や形勢で、相手より不利なこと。
an inferior position; being behind
序盤の劣勢は、人数ではなく、情報の遅れから来ていた。同じ人数でも、地図を持っていない側が先に迷う。地図が届いた時点で、点差はそのままだった。それでも、次の判断の速度だけは、明らかに戻った。

sumiyaka	不具合が分かった時点で、［　　　］に出荷を止めると規定にある。原因の特定を待ってから止める、とは書いていない。現場が迷ったのは、その一文を、損失の計算より後に読んだからだ。訓練は、計算の前に止める、という順番だけを繰り返した。	速やか
すみやか
ぐずぐずせず、すぐさまであること。
prompt, without delay
不具合が分かった時点で、速やかに出荷を止めると規定にある。原因の特定を待ってから止める、とは書いていない。現場が迷ったのは、その一文を、損失の計算より後に読んだからだ。訓練は、計算の前に止める、という順番だけを繰り返した。

kanameishi	崩れたアーチの［　　］は、ほかの石より小さいまま残っていた。大きさではなく、位置が両側を同時に受けている。解説は、その小ささを、重要性の否定に使わないよう注意した。見学者が写真に収めたのは、大きい石ではなく、その一つだった。	要石
かなめいし
アーチの頂で、両側を支え合う要の石。
a keystone
崩れたアーチの要石は、ほかの石より小さいまま残っていた。大きさではなく、位置が両側を同時に受けている。解説は、その小ささを、重要性の否定に使わないよう注意した。見学者が写真に収めたのは、大きい石ではなく、その一つだった。

gyujiru	表の議長とは別に、誰が会議を［　　　］のか、皆が知っていた。その人は、採決の前に、休憩の長さだけを提案する。休憩のあいだに、反対の数が減る。記録には、休憩の提案しか残らないので、後からは読み取れない。	牛耳る
ぎゅうじる
集団の実権を握り、自分の意のままに動かす。
to dominate a group; to have it under one’s thumb
表の議長とは別に、誰が会議を牛耳るのか、皆が知っていた。その人は、採決の前に、休憩の長さだけを提案する。休憩のあいだに、反対の数が減る。記録には、休憩の提案しか残らないので、後からは読み取れない。

sanuki	旅の昼は、［　　　　　］と決めてから、他の店を見なかった。出汁は薄いのに、麺の弾力が食事の中心になっている。地元の客は、麺を噛まずに、ほぼ吸い込むように食べていた。真似をすると、喉に当たり、速度だけを落とすことにした。	讃岐うどん
さぬきうどん
香川の、コシを強く出した太いうどん。
Sanuki udon, the thick noodles of Kagawa
旅の昼は、讃岐うどんと決めてから、他の店を見なかった。出汁は薄いのに、麺の弾力が食事の中心になっている。地元の客は、麺を噛まずに、ほぼ吸い込むように食べていた。真似をすると、喉に当たり、速度だけを落とすことにした。

kifu	［　　］は、使途を指定したものと、指定しないものを別の口座に入れた。混ぜると、出した人の意思が、決算のあとで見えなくなる。報告会は、指定の側から先に、残額を読み上げた。指定しない側の自由度を、そこで初めて説明できた。	寄付
きふ
公共や人のために、金や物を無償で渡すこと。
a donation
寄付は、使途を指定したものと、指定しないものを別の口座に入れた。混ぜると、出した人の意思が、決算のあとで見えなくなる。報告会は、指定の側から先に、残額を読み上げた。指定しない側の自由度を、そこで初めて説明できた。

atesaki	封筒の［　　］は正しいのに、建物の名前が一世代前のままだった。郵便は届き、受け取りの部署だけが迷う。差出人は、届いたことを、迷惑の種類で初めて知った。次の版の便箋は、建物名を部署名より大きくした。	宛先
あてさき
手紙や荷物を届ける、相手の名前と場所。
the address a message or parcel is sent to
封筒の宛先は正しいのに、建物の名前が一世代前のままだった。郵便は届き、受け取りの部署だけが迷う。差出人は、届いたことを、迷惑の種類で初めて知った。次の版の便箋は、建物名を部署名より大きくした。

atesaki-henko	荷物は、［　　　　　］の手続きを経て、別の窓口へ回った。中身は開封されず、伝票の貼り替えだけが記録に残る。受け取る人は、遅れた理由を、その伝票の番号で追えた。番号がなければ、遅延は単なる紛失に見えていた。	あて先変更
あてさきへんこう
届ける相手や場所を、発送のあとで変える手続き。
redirection of a delivery
荷物は、あて先変更の手続きを経て、別の窓口へ回った。中身は開封されず、伝票の貼り替えだけが記録に残る。受け取る人は、遅れた理由を、その伝票の番号で追えた。番号がなければ、遅延は単なる紛失に見えていた。

geijutsuka	その［　　　］は、作品の説明を、自分ではほとんど書かなかった。言葉は、展示の側が、インタビューから抜いて置く。本人が直したのは、抜粋の一語だけだった。その一語のために、壁の文は二度組み直された。	芸術家
げいじゅつか
芸術を作り、それを仕事や生き方とする人。
an artist
その芸術家は、作品の説明を、自分ではほとんど書かなかった。言葉は、展示の側が、インタビューから抜いて置く。本人が直したのは、抜粋の一語だけだった。その一語のために、壁の文は二度組み直された。

kaotsuki	数字を聞く前に、彼の［　　　］で結果の方向が分かった。悪いときほど、説明の速度が丁寧になる。同席した人は、その丁寧さを、安心ではなく警戒として覚えていた。本人は、顔のことを指摘されるまで気づいていなかった。	顔つき
かおつき
顔に出ている、その人の表情や雰囲気。
the look of a face; one’s countenance
数字を聞く前に、彼の顔つきで結果の方向が分かった。悪いときほど、説明の速度が丁寧になる。同席した人は、その丁寧さを、安心ではなく警戒として覚えていた。本人は、顔のことを指摘されるまで気づいていなかった。

arasou	その日付を［　　］、という者は、もう会議にはいなかった。残っている異論は、日付ではなく、その後の解釈についてだ。議長は、合意した部分を先に読み、未決をあとに分けた。記録は、その分け方どおり、二段になった。	争う
あらそう
正しさや権利をめぐって、相手と対立する。
to dispute or contest a claim
その日付を争う、という者は、もう会議にはいなかった。残っている異論は、日付ではなく、その後の解釈についてだ。議長は、合意した部分を先に読み、未決をあとに分けた。記録は、その分け方どおり、二段になった。

kisou	速さで［　　］より、同じ時間内の精度で見るべきだ。速いだけの結果は、誤りを次の工程へ運ぶ。評価表は、時間の列を残し、順位からは外した。外した週から、仕上げの戻りが目に見えて減った。	競う
きそう
優劣を、同じ条件で比べ合う。
to compete, to vie
速さで競うより、同じ時間内の精度で見るべきだ。速いだけの結果は、誤りを次の工程へ運ぶ。評価表は、時間の列を残し、順位からは外した。外した週から、仕上げの戻りが目に見えて減った。

suhada	この風の中を、［　　］のまま歩くのは無理だった。気温の数字より、肌に当たる砂の痛さで判断が変わる。一枚羽織ると、同じ風が、ただ冷たいだけに戻る。予報は、その一枚の有無を、注意文に書いていなかった。	素肌
すはだ
化粧や厚い衣服で覆っていない、肌そのもの。
bare skin
この風の中を、素肌のまま歩くのは無理だった。気温の数字より、肌に当たる砂の痛さで判断が変わる。一枚羽織ると、同じ風が、ただ冷たいだけに戻る。予報は、その一枚の有無を、注意文に書いていなかった。

sudomari	今回は［　　　］にして、朝は外で食べることにした。宿の食事は評判が良いが、出発の時刻に合わない。フロントは、食事なしの料金を、泊まる前に二度確認した。その確認が、翌朝の会計の争いを一つ消した。	素泊り
すどまり
食事を付けず、泊まることだけをすること。
staying overnight without meals
今回は素泊りにして、朝は外で食べることにした。宿の食事は評判が良いが、出発の時刻に合わない。フロントは、食事なしの料金を、泊まる前に二度確認した。その確認が、翌朝の会計の争いを一つ消した。

shusho	声明は、［　　］の名前で出て、文の中身は省が書いていた。どの語を本人が直したかは、発表文には残らない。記者は、直した語ではなく、残った語の責任の所在を聞いた。答えは、名前の出ている人が負う、の一文だった。	首相
しゅしょう
内閣の長。政府の首班。
the prime minister
声明は、首相の名前で出て、文の中身は省が書いていた。どの語を本人が直したかは、発表文には残らない。記者は、直した語ではなく、残った語の責任の所在を聞いた。答えは、名前の出ている人が負う、の一文だった。

kokkai	その条文は、［　　］の委員会で、本会議より長く議論された。本会議の時間は採決で、理由のやり取りは委員会に残る。報道が短いとき、消えるのは委員会の側の理由だ。担当は、理由の要約を、採決の結果と必ず対にして配った。	国会
こっかい
日本の立法を担う、国の議会。
the National Diet
その条文は、国会の委員会で、本会議より長く議論された。本会議の時間は採決で、理由のやり取りは委員会に残る。報道が短いとき、消えるのは委員会の側の理由だ。担当は、理由の要約を、採決の結果と必ず対にして配った。

miru-med	医師が喉を［　　］あいだ、息を止めるよう言われた。見るのではなく、光と器具で、腫れの位置を確認している。痛みの有無は、そのあとの質問で別に聞かれた。カルテに残ったのは、見た印象ではなく、位置の記述だった。	診る
みる
医師が、体の状態を調べる。
to examine a patient medically
医師が喉を診るあいだ、息を止めるよう言われた。見るのではなく、光と器具で、腫れの位置を確認している。痛みの有無は、そのあとの質問で別に聞かれた。カルテに残ったのは、見た印象ではなく、位置の記述だった。
「見る」とは字が違う。この札は医療の診る。
kaifuku	熱は下がっても、食欲の［　　］は二日遅れた。熱だけを基準にすると、仕事へ戻る日を早く見積もる。医師は、食事の量が半分に戻ることを、復帰の目安にした。その目安は、診断書の病名より、本人には分かりやすかった。	回復
かいふく
悪かった状態が、元に近いところまで戻ること。
recovery; restoration
熱は下がっても、食欲の回復は二日遅れた。熱だけを基準にすると、仕事へ戻る日を早く見積もる。医師は、食事の量が半分に戻ることを、復帰の目安にした。その目安は、診断書の病名より、本人には分かりやすかった。

keiki	店の［　　］は、街の指標より三か月遅れて動いた。指標が上向いても、この通りの客足はすぐには戻らない。仕入れを指標に合わせた月だけ、在庫が余った。翌月から、仕入れの基準を、指標ではなく客足の週次に変えた。	景気
けいき
世の中の、商売や経済活動のにぎわい。
business conditions; the economic climate
店の景気は、街の指標より三か月遅れて動いた。指標が上向いても、この通りの客足はすぐには戻らない。仕入れを指標に合わせた月だけ、在庫が余った。翌月から、仕入れの基準を、指標ではなく客足の週次に変えた。

kenzen	収支が［　　］でも、担当が一人に集中していれば、組織としては脆い。数字の黒と、引き継ぎの有無は、別の健康だ。監査は、黒字の章より、代理が務まるかの章を厚くした。経営側が不満に思ったのは、その厚さの配分だった。	健全
けんぜん
体や組織の状態が、偏りなく良いこと。
sound and healthy
収支が健全でも、担当が一人に集中していれば、組織としては脆い。数字の黒と、引き継ぎの有無は、別の健康だ。監査は、黒字の章より、代理が務まるかの章を厚くした。経営側が不満に思ったのは、その厚さの配分だった。

soho	合意文は、［　　］が同じ語で不満を残す形になっていた。片方だけが満足する文は、前回、三日で破れている。今回は、満足の量を揃えることを、内容より先に決めた。読み返すと、美しい文ではないが、署名の速度は速かった。	双方
そうほう
関係している、二つの側のどちらも。
both parties; both sides
合意文は、双方が同じ語で不満を残す形になっていた。片方だけが満足する文は、前回、三日で破れている。今回は、満足の量を揃えることを、内容より先に決めた。読み返すと、美しい文ではないが、署名の速度は速かった。

mujo	庭の話から、［　　］の話へ移るのに、主人は一文も要らなかった。花の期限を言うだけで、客の側が沈黙する。その沈黙を、説教として意図したのかどうかは分からない。帰り際の客は、花ではなく、期限の日付を手帳に書いた。	無常
むじょう
形あるものは、そのままでは留まらないという感覚。
impermanence; the mutability of things
庭の話から、無常の話へ移るのに、主人は一文も要らなかった。花の期限を言うだけで、客の側が沈黙する。その沈黙を、説教として意図したのかどうかは分からない。帰り際の客は、花ではなく、期限の日付を手帳に書いた。

hijoshiki	無連絡の欠席を、［　　　］だとその場で言える空気ではなかった。理由が病気なら、語の強さが加害になる。係は、語を使わず、連絡の期限だけを文書で繰り返した。翌月、同じ欠席はなく、文句は文書の冷たさに向いた。	非常識
ひじょうしき
その場の常識から、大きく外れていること。
a lack of common sense; beyond what the situation allows
無連絡の欠席を、非常識だとその場で言える空気ではなかった。理由が病気なら、語の強さが加害になる。係は、語を使わず、連絡の期限だけを文書で繰り返した。翌月、同じ欠席はなく、文句は文書の冷たさに向いた。

kaze	窓を開けると、朝の［　　］が部屋の奥まで入ってきた。カーテンが一度膨らみ、すぐに元の位置へ落ちる。気温より、この動きのほうが肌には冷たい。出かける前に、もう一枚を腕にかけることにした。	風
かぜ・かざ・フウ・フ
空気の流れ。
wind
窓を開けると、朝の風が部屋の奥まで入ってきた。カーテンが一度膨らみ、すぐに元の位置へ落ちる。気温より、この動きのほうが肌には冷たい。出かける前に、もう一枚を腕にかけることにした。
この札の文は「かぜ」。音ではフウ。かざは風上などの複合で現れる。
ritsu	発表された合格の［　　］は、昨年をわずかに上回った。母数はほぼ同じなので、差は小さいが見逃せない。担当は、問題の難易ではなく、受験者の層が変わったと説明した。層の定義を問う質問には、その場では答えなかった。	率
りつ・ひきいる・ソツ
全体に対する、ある部分の割合。
a rate or ratio
発表された合格の率は、昨年をわずかに上回った。母数はほぼ同じなので、差は小さいが見逃せない。担当は、問題の難易ではなく、受験者の層が変わったと説明した。層の定義を問う質問には、その場では答えなかった。
この札は割合の「りつ」。人を導く「ひきいる」は別の訓。
isagiyoi	敗因を、条件のせいにはせず、［　　］と評された。言い訳が上手いことと、信頼が残ることは別だった。本人は、評されるためにそうしたわけではないと言った。その一言のほうが、評そのものより長く引用された。	潔い
いさぎよい
未練を残さず、きっぱりとしていること。
gracious and clean in accepting an outcome
敗因を、条件のせいにはせず、潔いと評された。言い訳が上手いことと、信頼が残ることは別だった。本人は、評されるためにそうしたわけではないと言った。その一言のほうが、評そのものより長く引用された。

hokoku	［　　］は、結論を最初の三行に置き、経過をその下に下げた。経過から読む文化の部署では、最初の週だけ不平が出た。不平は、必要な数字が見つからない、という種類だった。三行の中に、その数字の在りかを入れると、不平は止んだ。	報告
ほうこく
結果や状況を、関係する相手に伝えること。
a report
報告は、結論を最初の三行に置き、経過をその下に下げた。経過から読む文化の部署では、最初の週だけ不平が出た。不平は、必要な数字が見つからない、という種類だった。三行の中に、その数字の在りかを入れると、不平は止んだ。

seidai	送別は［　　］にするより、同じ席で短い言葉を交わすほうを本人が選んだ。人数を増やすと、言葉が挨拶の型に寄っていく。小さい席では、仕事の具体的な失敗の話まで出た。本人は、その失敗の話を、贈り物より喜んだ。	盛大
せいだい
規模が大きく、にぎやかで勢いがあること。
grand, on a large and lively scale
送別は盛大にするより、同じ席で短い言葉を交わすほうを本人が選んだ。人数を増やすと、言葉が挨拶の型に寄っていく。小さい席では、仕事の具体的な失敗の話まで出た。本人は、その失敗の話を、贈り物より喜んだ。

iryo	旅行の保険は、［　　］の範囲を、国によって別表にしていた。搬送は含み、その後のリハビリは含まない、という切れ目がある。切れ目を知らずに出発すると、現地で説明が長くなる。窓口は、別表の該当行を、赤線で示してから渡すようにした。	医療
いりょう
病気やけがを、専門の知識で扱うこと。
medical care
旅行の保険は、医療の範囲を、国によって別表にしていた。搬送は含み、その後のリハビリは含まない、という切れ目がある。切れ目を知らずに出発すると、現地で説明が長くなる。窓口は、別表の該当行を、赤線で示してから渡すようにした。

koun	最終便に間に合ったのは、［　　］というより、前の便の遅れだった。自分の努力で掴んだように語ると、事実の順序が逆になる。本人は、遅れのおかげだと、最初の報告に書いた。その一文を削るよう求める者は、社内にはいなかった。	幸運
こううん
偶然が、自分に有利に働くこと。
good luck; a fortunate turn
最終便に間に合ったのは、幸運というより、前の便の遅れだった。自分の努力で掴んだように語ると、事実の順序が逆になる。本人は、遅れのおかげだと、最初の報告に書いた。その一文を削るよう求める者は、社内にはいなかった。

gutaisei	提案の［　　　］が足りず、賛否の前に質問が止まらなかった。誰が、いつ、何を持つかが、本文にない。理念には反対がなく、空白に反対が集まっている。再提出は、理念の文を削り、空白の三つを埋めることだけを求められた。	具体性
ぐたいせい
話が、実際の物や数に着地している度合い。
concreteness; how specific a claim is
提案の具体性が足りず、賛否の前に質問が止まらなかった。誰が、いつ、何を持つかが、本文にない。理念には反対がなく、空白に反対が集まっている。再提出は、理念の文を削り、空白の三つを埋めることだけを求められた。

gutaiteki	批判は［　　　］で、頁と行が指定されていた。気分としての反対ではないので、直し方がその場で決まる。著者は、その指定のほうが、誉め言葉より役に立つと言った。次の原稿は、自分で同じ形式の指摘を余白に書いてから出した。	具体的
ぐたいてき
抽象にとどまらず、例や数で示せること。
concrete and specific
批判は具体的で、頁と行が指定されていた。気分としての反対ではないので、直し方がその場で決まる。著者は、その指定のほうが、誉め言葉より役に立つと言った。次の原稿は、自分で同じ形式の指摘を余白に書いてから出した。

hanmen	手順は簡単になった。［　　］、例外のときの判断が本人に戻った。以前は、例外も分厚い手引の中に書いてあった。薄くしたことで、現場の速度は上がり、迷いの種類が変わった。追補は、例外を本文へ戻さず、一枚の別紙にまとめた。	反面
はんめん
ある面とは反対に、という対比。
on the other hand; the reverse side of a fact
手順は簡単になった。反面、例外のときの判断が本人に戻った。以前は、例外も分厚い手引の中に書いてあった。薄くしたことで、現場の速度は上がり、迷いの種類が変わった。追補は、例外を本文へ戻さず、一枚の別紙にまとめた。

tsubekobe	現場では、［　　　　］、言う前に一回やってみろ、が合言葉だった。異論を禁じているのではなく、順序を、実行のあとへ置いている。その順序が分かると、新しい者の質問は短くなった。質問の質は、初日より、二日目のほうが高かった。	つべこべ
つべこべ
細かく文句を言って、先へ進まないこと。
nitpicking and complaining instead of getting on
現場では、つべこべ、言う前に一回やってみろ、が合言葉だった。異論を禁じているのではなく、順序を、実行のあとへ置いている。その順序が分かると、新しい者の質問は短くなった。質問の質は、初日より、二日目のほうが高かった。

hitonigiri	その技術を、現場で説明できる者は［　　　］しかいなかった。文書は厚いのに、例外の判断は、その人数の頭の中にある。退職が一人あるたびに、文書の穴が新たに見つかる。今年の目標は、穴を、人ではなく、例示の追加で埋めることだった。	一握り
ひとにぎり
手に握れるほど少ない量。また、ごく少数。
a handful; a very small number
その技術を、現場で説明できる者は一握りしかいなかった。文書は厚いのに、例外の判断は、その人数の頭の中にある。退職が一人あるたびに、文書の穴が新たに見つかる。今年の目標は、穴を、人ではなく、例示の追加で埋めることだった。

genkyu	報告書は、その事故に［　　］しながら、原因の語は使っていなかった。触れたことと、結論したことは、読み手には同じに見える。編集は、触れた段の末尾に、未結論と一行足した。足したあとも、見出しが強いという指摘は残った。	言及
げんきゅう
話や文の中で、ある事に触れること。
a reference; mentioning something
報告書は、その事故に言及しながら、原因の語は使っていなかった。触れたことと、結論したことは、読み手には同じに見える。編集は、触れた段の末尾に、未結論と一行足した。足したあとも、見出しが強いという指摘は残った。

karini	［　　］、その数字が二倍だったとしても、結論の向きは変わらない。変わらないことを示すために、極端な仮定を一度置く。読者は、極端を、予測だと誤解しないよう注が要る。注は、仮定の段の冒頭に、太字で置いた。	仮に
かりに
事実と決めずに、仮定として置くこと。
supposing; for the sake of argument
仮に、その数字が二倍だったとしても、結論の向きは変わらない。変わらないことを示すために、極端な仮定を一度置く。読者は、極端を、予測だと誤解しないよう注が要る。注は、仮定の段の冒頭に、太字で置いた。

washa	調査は、［　　］の年齢を、語の揺れの説明に使った。同じ町でも、世代で、助詞の選択が分かれている。正しい一つの形に直すことは、調査の目的ではない。報告は、多数の形を、標準とは呼ばずに表にした。	話者
わしゃ
その言葉を、実際に話している人。言語学では、言語の使用者。
a speaker, especially of a language under study
調査は、話者の年齢を、語の揺れの説明に使った。同じ町でも、世代で、助詞の選択が分かれている。正しい一つの形に直すことは、調査の目的ではない。報告は、多数の形を、標準とは呼ばずに表にした。

taika	無償に見える提供にも、［　　］は、データの利用という形で残っていた。金を受け取らないことと、何も受け取らないことは違う。規約は、その違いを、料金の頁ではなく、定義の頁に書いた。読まずに同意した者の苦情は、定義の頁の位置に集中した。	対価
たいか
何かを渡した代わりに、受け取る価値。
consideration; what is given in return
無償に見える提供にも、対価は、データの利用という形で残っていた。金を受け取らないことと、何も受け取らないことは違う。規約は、その違いを、料金の頁ではなく、定義の頁に書いた。読まずに同意した者の苦情は、定義の頁の位置に集中した。

shutoku	用語の暗記と、手順の［　　］は、試験では別の点数にした。用語ができても、手を動かす段で止まる者がいる。逆に、手は動くのに、名前を言えない者もいる。コースは、その二つを、同じ週に教えないように組み替えた。	習得
しゅうとく
学んで、自分で使えるところまで身につけること。
acquisition of a skill or body of knowledge
用語の暗記と、手順の習得は、試験では別の点数にした。用語ができても、手を動かす段で止まる者がいる。逆に、手は動くのに、名前を言えない者もいる。コースは、その二つを、同じ週に教えないように組み替えた。

ginpatsu	壇上の［　　］が、照明でほとんど白く見えた。年齢の印象は、声の速さとは一致していない。紹介文は、髪の色を書かず、在任の年数だけを書いた。聴衆の記憶に残ったのは、紹介文ではなく、その白さだった。	銀髪
ぎんぱつ
白く光って見える、灰色の髪。
silver-gray hair
壇上の銀髪が、照明でほとんど白く見えた。年齢の印象は、声の速さとは一致していない。紹介文は、髪の色を書かず、在任の年数だけを書いた。聴衆の記憶に残ったのは、紹介文ではなく、その白さだった。

shikakukei	実験は、［　　　］のどの段で、その錯覚が生まれるかを分けた。目に入る前の話と、脳の中の話では、直し方が違う。被験者の報告は、どちらの段かを、自分では区別できない。区別は、刺激のタイミングを変えた条件の側が担った。	視覚系
しかくけい
光を受けて、見えるという経験を作る、神経の仕組み。
the visual system
実験は、視覚系のどの段で、その錯覚が生まれるかを分けた。目に入る前の話と、脳の中の話では、直し方が違う。被験者の報告は、どちらの段かを、自分では区別できない。区別は、刺激のタイミングを変えた条件の側が担った。

giigii	古い戸は、夜になると［　　　　］。油を差しても、乾燥した朝にはまた鳴る。隣室の人は、もう気にしないと言った。こちらの耳だけが、まだその音を朝の合図にしてしまう。	ぎいぎい
ぎいぎい
乾いた物が擦れて、細く嫌な音を立てる様子。
a creak or rasping squeak
古い戸は、夜になるとぎいぎい。油を差しても、乾燥した朝にはまた鳴る。隣室の人は、もう気にしないと言った。こちらの耳だけが、まだその音を朝の合図にしてしまう。

sarigenai	その手伝い方は、［　　　　　］。頼んだ覚えはないのに、足りない資料が机の端にある。礼を言うと、本人は別に、と目を伏せた。あとから考えると、あのタイミングは偶然では説明しにくい。	さりげない
さりげない
わざとらしくなく、何でもない様子で行うこと。
casual and unobtrusive; done without show
その手伝い方は、さりげない。頼んだ覚えはないのに、足りない資料が机の端にある。礼を言うと、本人は別に、と目を伏せた。あとから考えると、あのタイミングは偶然では説明しにくい。

shiori-kanji	その頁には、薄い［　　］が一枚だけ挟んであった。書き込みはなく、位置だけが残っている。前の読者が、どこで読むのを止めたかが、それだけで分かる。図書館は、その紙を捨てず、本のカードに「挟みあり」と記した。	栞
しおり・カン
本の頁に挟んで、読みかけの位置を示すもの。
a bookmark, written with the kanji 栞
その頁には、薄い栞が一枚だけ挟んであった。書き込みはなく、位置だけが残っている。前の読者が、どこで読むのを止めたかが、それだけで分かる。図書館は、その紙を捨てず、本のカードに「挟みあり」と記した。

shiori-kana	山の［　　　］には、水場の位置と、引き返す基準だけが載っていた。景色の説明はなく、判断に要る数字だけが太い。初めての者ほど、その薄さを不安がった。遭わずに戻ったあとで、薄さの理由が分かったという者が多かった。	しおり
しおり
案内のために、要点だけをまとめた小冊子。
a small guidebook or leaflet
山のしおりには、水場の位置と、引き返す基準だけが載っていた。景色の説明はなく、判断に要る数字だけが太い。初めての者ほど、その薄さを不安がった。遭わずに戻ったあとで、薄さの理由が分かったという者が多かった。
同じ読みで、頁に挟む栞でもある。この札は案内の小冊子。
gachi	練習は、昨日で終わりだ。今日は［　　］。観客も審査も、すでに席についている。ミスを笑って済ませる段階は、過ぎている。その空気を、本人が一番先に顔で示していた。	がち
がち
遊びや様子見ではなく、本気であること。
in earnest; the real thing, not a casual attempt
練習は、昨日で終わりだ。今日はがち。観客も審査も、すでに席についている。ミスを笑って済ませる段階は、過ぎている。その空気を、本人が一番先に顔で示していた。
「遅れがち」の接尾とは別。この札は、本気であることの「がち」。
kaketsu	修正を三つつける条件で、案は［　　］された。原案のままでは、同数で止まっていた。修正の文言は、反対側が書いたものを、ほぼそのまま採っている。採決のあと、どちらが勝ったとも言いにくい空気が残った。	可決
かけつ
会議で、案が通り、採用されること。
passage of a motion or bill
修正を三つつける条件で、案は可決された。原案のままでは、同数で止まっていた。修正の文言は、反対側が書いたものを、ほぼそのまま採っている。採決のあと、どちらが勝ったとも言いにくい空気が残った。

zanryu	撤退のあとにも、［　　］を選んだ職員が五人いた。荷物の整理と、引継ぎの窓口を、その五人が担う。本隊は、その選択を、見捨てられた状態とは呼ばないよう文面を直した。本人たちの希望は、期間の明示のほうが先だった。	残留
ざんりゅう
その場に残ること。また、残って残っているもの。
staying behind; a residue
撤退のあとにも、残留を選んだ職員が五人いた。荷物の整理と、引継ぎの窓口を、その五人が担う。本隊は、その選択を、見捨てられた状態とは呼ばないよう文面を直した。本人たちの希望は、期間の明示のほうが先だった。

kozoku	式の座席は、［　　］の列と、招待の列を、通路で分けていた。報道のカメラは、その通路より前には出ない。配置の理由は、保安と、礼儀の両方だと説明された。どちらが主かは、説明の中では決められていなかった。	皇族
こうぞく
天皇の一族として、皇室に属する人々。
members of the imperial family
式の座席は、皇族の列と、招待の列を、通路で分けていた。報道のカメラは、その通路より前には出ない。配置の理由は、保安と、礼儀の両方だと説明された。どちらが主かは、説明の中では決められていなかった。

ridatsu	連盟からの［　　］は、声明の前に、分担金の精算が終わっていた。理念の文より、未払いを残さないことのほうが実務は重い。残った側は、席の数をすぐには減らしていない。空席が、決定の可視的な証拠として、半年間残った。	離脱
りだつ
それまで属していた組織や関係から、離れること。
withdrawal or secession from a group
連盟からの離脱は、声明の前に、分担金の精算が終わっていた。理念の文より、未払いを残さないことのほうが実務は重い。残った側は、席の数をすぐには減らしていない。空席が、決定の可視的な証拠として、半年間残った。

koshitsu	その行事は、［　　］の公務として、日程が先に公表された。私的な訪問と、公務では、警備と報道の範囲が違う。今回は公務なので、沿道の整理が前日に終わっている。地元の商店は、範囲の図を、営業時間の変更に使った。	皇室
こうしつ
天皇とその一族をめぐる、制度上の家。
the imperial household
その行事は、皇室の公務として、日程が先に公表された。私的な訪問と、公務では、警備と報道の範囲が違う。今回は公務なので、沿道の整理が前日に終わっている。地元の商店は、範囲の図を、営業時間の変更に使った。

ayabumu	成功を［　　　］、という声は、会議の最初から、数字つきで出ていた。感情の反対ではなく、在庫の回転が持たないという指摘だ。推進側は、その数字を否定せず、期間を半分に縮めた。縮めた案に、最初の声の主が、条件つきで賛成した。	危ぶむ
あやぶむ
うまくいかないのではないかと、不安に思う。
to fear that something will fail; to have misgivings
成功を危ぶむ、という声は、会議の最初から、数字つきで出ていた。感情の反対ではなく、在庫の回転が持たないという指摘だ。推進側は、その数字を否定せず、期間を半分に縮めた。縮めた案に、最初の声の主が、条件つきで賛成した。

dankei	継承の規定は、［　　］であることを、本文の前のほうに置いていた。議論は、その一句を動かすかどうかに、ほとんどが費やされた。ほかの条項は、すでに双方の修正が終わっている。記録は、終わった条項と、残った一句を、別の章にした。	男系
だんけい
父方をたどる、血筋の続き方。
descent through the male line
継承の規定は、男系であることを、本文の前のほうに置いていた。議論は、その一句を動かすかどうかに、ほとんどが費やされた。ほかの条項は、すでに双方の修正が終わっている。記録は、終わった条項と、残った一句を、別の章にした。

sozoku	［　　］の話は、葬儀の前に始めると、角が立つと皆が知っていた。それでも、口座の凍結は、感情の日程を待ってくれない。書類の一覧は、親族の一人が、感情と分けて読み上げた。読み上げの途中で、誰も席を立たなかった。	相続
そうぞく
人が死んだあと、財産や地位を引き継ぐこと。
inheritance; succession to property
相続の話は、葬儀の前に始めると、角が立つと皆が知っていた。それでも、口座の凍結は、感情の日程を待ってくれない。書類の一覧は、親族の一人が、感情と分けて読み上げた。読み上げの途中で、誰も席を立たなかった。

kitei	その行為は、慣習では許されても、［　　］では許されていない。現場が迷うのは、二つのどちらを上に置くかが文にないときだ。改訂は、衝突したときこちらが優先すると、一行を足した。足したあとも、慣習を残すかどうかは、別の議論に回した。	規定
きてい
守るべきものとして、あらかじめ定めた規則。
a provision, rule, or regulation
その行為は、慣習では許されても、規定では許されていない。現場が迷うのは、二つのどちらを上に置くかが文にないときだ。改訂は、衝突したときこちらが優先すると、一行を足した。足したあとも、慣習を残すかどうかは、別の議論に回した。

hame	手伝うつもりが、全体を仕切る［　　　　　］。断るタイミングは、最初の返事のときだけだった。一度受け取ると、途中で返す言葉が、現場には用意されていない。次の募集文には、範囲の外は断ってよいと、太字で足した。	羽目になる
はめになる
意図せず、やっかいな立場を引き受けることになる。
to end up stuck with an unpleasant task
手伝うつもりが、全体を仕切る羽目になる。断るタイミングは、最初の返事のときだけだった。一度受け取ると、途中で返す言葉が、現場には用意されていない。次の募集文には、範囲の外は断ってよいと、太字で足した。

tsuie	その交際は、［　　］として、次の予算から削られた。成果の欄が、三年続けて空だったためだ。担当は、空であることを、測定していないことだと弁明した。弁明は、測定の計画が紙になるまで、削る決定を止められなかった。	費え
ついえ
役に立たず、出ていくばかりの出費。
wasteful expense
その交際は、費えとして、次の予算から削られた。成果の欄が、三年続けて空だったためだ。担当は、空であることを、測定していないことだと弁明した。弁明は、測定の計画が紙になるまで、削る決定を止められなかった。

yo	決算のあと、予算の［　　］を修繕に回す案が出た。全額を使い切るより、雨漏りを先に止める判断だ。反対はなかったが、翌年の要求が細ることを危ぶむ声は残った。結局、半額だけを、こちらの科目へ移した。	余
よ・あまる
使ったあとに残る、余分。
a remainder; what is left over
決算のあと、予算の余を修繕に回す案が出た。全額を使い切るより、雨漏りを先に止める判断だ。反対はなかったが、翌年の要求が細ることを危ぶむ声は残った。結局、半額だけを、こちらの科目へ移した。
余る、の訓もある。この札の文は、残りの「よ」。
ginmi	材料の［　　］に、製造そのものより時間をかけた。安さで揃えると、後の工程で捨てる量が増える。最初の高い選択が、全体では安くなることを、表で示した。示すまで、現場の半分は、最初の高さだけを見ていた。	吟味
ぎんみ
良いものを選ぶために、細かく調べること。
careful examination and selection
材料の吟味に、製造そのものより時間をかけた。安さで揃えると、後の工程で捨てる量が増える。最初の高い選択が、全体では安くなることを、表で示した。示すまで、現場の半分は、最初の高さだけを見ていた。

wari	仕事の［　　］には、報酬が少ないと皆が感じていた。責任の範囲は広く、夜の呼び出しもある。それでも、表向きの位置は、助手のままだ。不満は、会議ではなく、休憩の短い会話で共有されていた。	割
わり・わる・さく・カツ
全体に対する、その部分の割合。
a proportion; the share of a whole
仕事の割には、報酬が少ないと皆が感じていた。責任の範囲は広く、夜の呼び出しもある。それでも、表向きの位置は、助手のままだ。不満は、会議ではなく、休憩の短い会話で共有されていた。
この札は「わりには」の割合。分ける「わる」は別の訓。
isshitsu	請求の中心は、治療費ではなく、［　　　　］の計算だった。働けなかった期間を、どう見積もるかで、額が大きく揺れる。双方の鑑定は、期間の長さでは近く、一日の額で離れた。和解は、期間のほうを採り、額は中間に置く形になった。	逸失利益
いっしつりえき
事故などがなければ、得られたはずの利益。
profit that would have been earned but for a loss
請求の中心は、治療費ではなく、逸失利益の計算だった。働けなかった期間を、どう見積もるかで、額が大きく揺れる。双方の鑑定は、期間の長さでは近く、一日の額で離れた。和解は、期間のほうを採り、額は中間に置く形になった。

saiten	［　　］は、二人の点が、一定以上離れた答案だけを第三者が見た。近い答案に時間を使うより、割れた答案を先に救うためだ。基準は、事前に例示の三点で合わせてから始めた。それでも、記述の一段だけは、最後まで点が揃わなかった。	採点
さいてん
答案や演技に、点を付けて評価すること。
marking or scoring
採点は、二人の点が、一定以上離れた答案だけを第三者が見た。近い答案に時間を使うより、割れた答案を先に救うためだ。基準は、事前に例示の三点で合わせてから始めた。それでも、記述の一段だけは、最後まで点が揃わなかった。

hadasamui	気温は高くても、風があると［　　　］。数字を見て薄着で出ると、日陰で後悔する。その後悔は、正午までの、建物の北側に集中した。案内は、気温の横に、日陰の一文を足した。	肌寒い
はださむい
肌にまとわりつくように、不快に寒い。
chilly in a way that gets under the skin
気温は高くても、風があると肌寒い。数字を見て薄着で出ると、日陰で後悔する。その後悔は、正午までの、建物の北側に集中した。案内は、気温の横に、日陰の一文を足した。

eibin	そのセンサーは［　　］で、人の歩みでも値が動いた。目的の振動と、無関係の振動を、後から分けなければならない。分け方を決めるまで、感度を下げることはしなかった。下げると、目的の側まで、一緒に消えるからだ。	鋭敏
えいびん
わずかな違いを、すばやく感じ取ること。
keen and quick to detect a small difference
そのセンサーは鋭敏で、人の歩みでも値が動いた。目的の振動と、無関係の振動を、後から分けなければならない。分け方を決めるまで、感度を下げることはしなかった。下げると、目的の側まで、一緒に消えるからだ。

shuketsu	支援の［　　］は、日没までに、指定の広場で完了する予定だった。道が一本塞がり、到着の順が、計画と逆になった。指揮は、順を戻すより、逆の順のまま役割を割り当て直した。その判断が、日没の期限を守った。	集結
しゅうけつ
散らばっていた人や力が、一か所に集まること。
a massing or gathering together
支援の集結は、日没までに、指定の広場で完了する予定だった。道が一本塞がり、到着の順が、計画と逆になった。指揮は、順を戻すより、逆の順のまま役割を割り当て直した。その判断が、日没の期限を守った。

banjo	［　　］の有利は、持ち時間の不利を、まだ覆せていない。形は良いのに、次の一手を考える秒が足りない。解説は、形の話を止め、時計の残量を先に示した。視聴者の評価は、その順番に変えてから、プロの判断に近づいた。	盤上
ばんじょう
将棋や碁など、ゲームの盤の上。転じて、対局の局面。
on the board, as in shogi or go
盤上の有利は、持ち時間の不利を、まだ覆せていない。形は良いのに、次の一手を考える秒が足りない。解説は、形の話を止め、時計の残量を先に示した。視聴者の評価は、その順番に変えてから、プロの判断に近づいた。

byoshin	［　　］の音だけが、待合の沈黙を刻んでいた。呼ばれる順番は、その音とは関係がない。それでも、針が十二を通るたびに、何人かが姿勢を直した。呼ばれたのは、その直後ではなく、ずっと後の一周だった。	秒針
びょうしん
時計で、秒を示す、いちばん速く回る針。
the second hand of a clock
秒針の音だけが、待合の沈黙を刻んでいた。呼ばれる順番は、その音とは関係がない。それでも、針が十二を通るたびに、何人かが姿勢を直した。呼ばれたのは、その直後ではなく、ずっと後の一周だった。

seiha	シリーズの［　　］は、最終戦の内容より、故障者の戻りで決まった。強い日の得点は、すでに前の週に出ている。最終戦は、その得点を、守れるかどうかの試合だった。記録は、得点の章を短くし、守った時間の章を厚くした。	制覇
せいは
競争や範囲を、残らず勝ち取る、または支配すること。
conquest or complete mastery of a field
シリーズの制覇は、最終戦の内容より、故障者の戻りで決まった。強い日の得点は、すでに前の週に出ている。最終戦は、その得点を、守れるかどうかの試合だった。記録は、得点の章を短くし、守った時間の章を厚くした。

banmen	［　　］は互角に見えて、次の一手の候補だけが偏っていた。見た目の均衡と、選べる手の数は、別の情報だ。解説がそれを数で示してから、観戦の沈黙が変わった。初心者ほど、均衡の印象を、最後まで捨てられなかった。	盤面
ばんめん
盤の、駒や石が置かれた表面。局面そのもの。
the face of a board; the position on it
盤面は互角に見えて、次の一手の候補だけが偏っていた。見た目の均衡と、選べる手の数は、別の情報だ。解説がそれを数で示してから、観戦の沈黙が変わった。初心者ほど、均衡の印象を、最後まで捨てられなかった。

shindo	［　　］と呼ばれた頃の録音は、速さより、弱い音の処理が異常だった。同じ年の平均に、速さだけを合わせても、その処理は出ない。教師は、呼称を使わず、処理の記述だけを評に残した。本人が後年引用したのも、呼称ではなく、その記述のほうだった。	神童
しんどう
年齢に似合わず、際立って優れた子供。
a prodigy; a wonder child
神童と呼ばれた頃の録音は、速さより、弱い音の処理が異常だった。同じ年の平均に、速さだけを合わせても、その処理は出ない。教師は、呼称を使わず、処理の記述だけを評に残した。本人が後年引用したのも、呼称ではなく、その記述のほうだった。

yusaburu	その証言が、それまでの説明を［　　　　］とは、本人も思っていなかった。新しい事実ではなく、古い事実の順番を入れ替えただけだ。順番が変わると、動機の見え方が、反対側に寄る。審理は、その入れ替えを、図にしてから再開した。	揺さぶる
ゆさぶる
大きく揺らす。また、落ち着いた状態を激しく揺り動かす。
to shake, jolt, or unsettle
その証言が、それまでの説明を揺さぶるとは、本人も思っていなかった。新しい事実ではなく、古い事実の順番を入れ替えただけだ。順番が変わると、動機の見え方が、反対側に寄る。審理は、その入れ替えを、図にしてから再開した。

taguimare	その棋譜の落ち着きは、［　　　　　］。勝ったことより、劣勢の時間の使い方が異常に静かだ。解説は、静かさを、才能の語で濁さなかった。残したのは、どの秒で、どの手を捨てたか、という表だけだった。	たぐいまれ
たぐいまれ
同じ種類のものが、ほとんどほかにないこと。
rare and exceptional of its kind
その棋譜の落ち着きは、たぐいまれ。勝ったことより、劣勢の時間の使い方が異常に静かだ。解説は、静かさを、才能の語で濁さなかった。残したのは、どの秒で、どの手を捨てたか、という表だけだった。

tokkun	大会前の［　　］は、新しい技を足すためではなく、既存の技のミスを減らすためだった。足すと、当日に、選ぶ時間が長くなる。減らすと、同じ場面で、同じ手が遅れて出なくなる。選手が後で感謝したのは、足さなかったことのほうだった。	特訓
とっくん
通常より濃く、短い期間に集中して鍛えること。
intensive, special training
大会前の特訓は、新しい技を足すためではなく、既存の技のミスを減らすためだった。足すと、当日に、選ぶ時間が長くなる。減らすと、同じ場面で、同じ手が遅れて出なくなる。選手が後で感謝したのは、足さなかったことのほうだった。

moteamasu	才能を［　　　　］より、使う場の狭さに困っていた。できることが多いほど、今日の一つが決まらない。指導者は、能力の一覧を褒めず、今週の一つだけを書かせた。その一つが終わるまで、次の一覧は開かないと約束した。	持て余す
もてあます
力や時間が、自分の扱いを超えて、始末に困る。
to be unable to cope with something one has
才能を持て余すより、使う場の狭さに困っていた。できることが多いほど、今日の一つが決まらない。指導者は、能力の一覧を褒めず、今週の一つだけを書かせた。その一つが終わるまで、次の一覧は開かないと約束した。

kento	案は、来週まで［　　］し、その日は採らないと決まった。材料が、まだ片方の部署から届いていない。届く前に採ると、欠いた側の責任だけが後から重くなる。延期の理由は、慎重さではなく、その欠落だと議事に書いた。	検討
けんとう
結論の前に、材料を調べ、比べること。
examination before a decision
案は、来週まで検討し、その日は採らないと決まった。材料が、まだ片方の部署から届いていない。届く前に採ると、欠いた側の責任だけが後から重くなる。延期の理由は、慎重さではなく、その欠落だと議事に書いた。

kento-fight	決勝までの［　　］を、監督は、結果とは別に称えた。負けた試合の中に、守れた時間がある。その時間を、敗戦の語の下に埋めないために、文を分けた。選手が壁に残したのは、分けたあとの、時間のほうの文だった。	健闘
けんとう
不利な中でも、力を尽くして戦うこと。
a hard, creditable effort in a contest
決勝までの健闘を、監督は、結果とは別に称えた。負けた試合の中に、守れた時間がある。その時間を、敗戦の語の下に埋めないために、文を分けた。選手が壁に残したのは、分けたあとの、時間のほうの文だった。

gokaku	記録の上では［　　］でも、得意な局面の分布が違った。同じ勝率でも、苦しい時間の長さが違う。解説は、勝率の一文を、分布の図の下へ下げた。下げてから、どちらが楽な棋風か、という質問が初めて出た。	互角
ごかく
力や形勢が、ほぼ同じであること。
evenly matched
記録の上では互角でも、得意な局面の分布が違った。同じ勝率でも、苦しい時間の長さが違う。解説は、勝率の一文を、分布の図の下へ下げた。下げてから、どちらが楽な棋風か、という質問が初めて出た。

kaikyo	その記録は［　　］だが、翌日の練習の内容は、前日と変わらなかった。祝うことと、次の欠陥を見ることの、順番を崩していない。取材は、祝う側の言葉を長く撮りたかった。本人が残したのは、欠陥のリストの、一行目だけだった。	快挙
かいきょ
見事で、快い驚きを伴う成果。
a brilliant, cheering achievement
その記録は快挙だが、翌日の練習の内容は、前日と変わらなかった。祝うことと、次の欠陥を見ることの、順番を崩していない。取材は、祝う側の言葉を長く撮りたかった。本人が残したのは、欠陥のリストの、一行目だけだった。

sosou	小さなホールに集まった顔ぶれは、［　　　　］。プログラムに名前はなく、当日の席で初めて分かった。主催は、名前を出さないことが、条件だったと後で言った。録音は、拍手の大きさより、曲の間の静けさが長い。	そうそう
そうそう
並んでいる人や物事が、いずれも際立って優れている様子。
a gathering of eminent people or things
小さなホールに集まった顔ぶれは、そうそう。プログラムに名前はなく、当日の席で初めて分かった。主催は、名前を出さないことが、条件だったと後で言った。録音は、拍手の大きさより、曲の間の静けさが長い。
金属や楽器が鳴る「そうそう」もある。この札は、優れた顔ぶれ。
sensabanbetsu	同じ病名でも、生活の制約は［　　　　］だった。手引が一つだと、当たらない人の不満だけが残る。改訂は、手引を三つに分け、自分で選ばせる形にした。選ぶ段の質問が、症状の質問より多くなった。	千差万別
せんさばんべつ
一つ一つが、極めてさまざまであること。
an endless variety; no two alike
同じ病名でも、生活の制約は千差万別だった。手引が一つだと、当たらない人の不満だけが残る。改訂は、手引を三つに分け、自分で選ばせる形にした。選ぶ段の質問が、症状の質問より多くなった。

han	調書には、［　　］の身長と、声の低さだけが残っていた。顔の記述は、証人ごとに食い違う。名前はまだなく、事件の呼び方で通している。次に開くかどうかは、鑑定の戻りを待ってから決める。	犯
ハン・おかす
罪を犯した者、または、その行為。
an offense, or the person who committed it
調書には、犯の身長と、声の低さだけが残っていた。顔の記述は、証人ごとに食い違う。名前はまだなく、事件の呼び方で通している。次に開くかどうかは、鑑定の戻りを待ってから決める。
この札の文は、行為者を指す「ハン」。犯す、の訓はおかす。
seitokuteki	その反応を［　　　］と呼ぶには、経験の差を先に除かなければならない。育った環境が違えば、同じ反応も、学びの結果でありうる。論文は、除ききれていない要因を、結論の前に列挙した。列挙したことで、主張は弱くなり、読めるものになった。	生得的
せいとくてき
経験の前から、その人に備わっていること。
innate; present before learning
その反応を生得的と呼ぶには、経験の差を先に除かなければならない。育った環境が違えば、同じ反応も、学びの結果でありうる。論文は、除ききれていない要因を、結論の前に列挙した。列挙したことで、主張は弱くなり、読めるものになった。

sententeki	その聴力の差は、［　　　］なものとして、カルテの最初に書いてあった。後から得た損傷とは、支援の組み立てが違う。学校は、その区別を、座席の希望より先に確認した。確認の紙は、診断名の全文ではなく、必要な配慮の項目だけだった。	先天的
せんてんてき
生まれたときから備わっていること。
congenital; inborn
その聴力の差は、先天的なものとして、カルテの最初に書いてあった。後から得た損傷とは、支援の組み立てが違う。学校は、その区別を、座席の希望より先に確認した。確認の紙は、診断名の全文ではなく、必要な配慮の項目だけだった。
哲学で、経験に先立つ認識をいう用法もある。この札は、生まれ持った状態。
jurai	［　　］の手順では、確認が、出荷のあとになっていた。誤りが見つかる頃には、すでに次の箱が閉じている。新しい手順は、閉じる前の一分を、確認に固定した。その一分を、無駄だと言う声は、最初の週だけで消えた。	従来
じゅうらい
今より前から、続いてきたやり方。
up to now; the conventional way
従来の手順では、確認が、出荷のあとになっていた。誤りが見つかる頃には、すでに次の箱が閉じている。新しい手順は、閉じる前の一分を、確認に固定した。その一分を、無駄だと言う声は、最初の週だけで消えた。

shuho	同じ目的でも、［　　］を変えると、失敗の種類が変わる。以前は、時間が足りずに終わらなかった。今は、時間は余り、根拠のメモが残らない。評価は、終わったかどうかではなく、メモの有無に移した。	手法
しゅほう
目的に達するための、具体的なやり方。
a technique or method
同じ目的でも、手法を変えると、失敗の種類が変わる。以前は、時間が足りずに終わらなかった。今は、時間は余り、根拠のメモが残らない。評価は、終わったかどうかではなく、メモの有無に移した。

kensho	発表の前に、［　　］の手順を、結果の頁より先に置いた。結果だけを読むと、手順の穴が見えない。査読が最初に書いたのは、数字ではなく、手順の一行だった。その一行を直すと、数字の一部も、静かに動いた。	検証
けんしょう
正しいかどうかを、手続きに沿って調べること。
verification; checking that a claim holds
発表の前に、検証の手順を、結果の頁より先に置いた。結果だけを読むと、手順の穴が見えない。査読が最初に書いたのは、数字ではなく、手順の一行だった。その一行を直すと、数字の一部も、静かに動いた。

kensho-shiken	出荷の条件は、［　　　　］の記録が、ロットごとに添付されることだった。記録のない良品は、良品として扱わない。その厳しさを、現場は最初、過剰だと思った。混入が一件起きたあと、過剰だという語は、報告書から消えた。	検証試験
けんしょうしけん
仕様を満たすかを、決められた試験で確認すること。
a verification test
出荷の条件は、検証試験の記録が、ロットごとに添付されることだった。記録のない良品は、良品として扱わない。その厳しさを、現場は最初、過剰だと思った。混入が一件起きたあと、過剰だという語は、報告書から消えた。

tannen	修復は［　　］で、遠くからは、どこを直したか分からない。近くで見ると、新しい繊維の方向だけが、わずかに違う。その違いを消すことが、この仕事の完成だと担当は言った。依頼者は、違いが残る写真のほうを、記録として欲しがった。	丹念
たんねん
細部を残さず、丁寧に手間をかけること。
painstaking and thorough
修復は丹念で、遠くからは、どこを直したか分からない。近くで見ると、新しい繊維の方向だけが、わずかに違う。その違いを消すことが、この仕事の完成だと担当は言った。依頼者は、違いが残る写真のほうを、記録として欲しがった。

kasei	遅れが広がったとき、隣の班が、無言で［　　］に入った。指揮系統を変えたわけではなく、手だけが一時的に増える。増えた手を、誰が戻すかの約束が、先にあった。約束がなかった週だけ、感謝のあとで、役割の揉みが残った。	加勢
かせい
争いや仕事に、味方として力を貸すこと。
backing; coming in as reinforcement
遅れが広がったとき、隣の班が、無言で加勢に入った。指揮系統を変えたわけではなく、手だけが一時的に増える。増えた手を、誰が戻すかの約束が、先にあった。約束がなかった週だけ、感謝のあとで、役割の揉みが残った。

takumu	文章を［　　］より、事実の順番を正しく置け。上手い接続は、欠けた証拠を、あるように見せてしまう。編集は、接続を褒めず、欠けの位置を残すよう指示した。残った原稿は、読みにくく、引用には耐えた。	巧む
たくむ
効果を狙って、わざと仕組みを凝らす。
to contrive; to devise with artifice
文章を巧むより、事実の順番を正しく置け。上手い接続は、欠けた証拠を、あるように見せてしまう。編集は、接続を褒めず、欠けの位置を残すよう指示した。残った原稿は、読みにくく、引用には耐えた。

sossen	片付けを［　　］した者に、次の決定まで任せる習慣があった。手を動かした人が、全体を見ているとは限らない。その習慣を、一度だけ明示的にやめ、決定は別の人に戻した。戻したあとも、片付けの速度は落ちなかった。	率先
そっせん
人より先に、自ら進んで行うこと。
taking the initiative
片付けを率先した者に、次の決定まで任せる習慣があった。手を動かした人が、全体を見ているとは限らない。その習慣を、一度だけ明示的にやめ、決定は別の人に戻した。戻したあとも、片付けの速度は落ちなかった。

kaji	危機のあいだ、誰が［　　　　］のかを、対策より先に決めた。二人だと、指示の時刻がずれて、現場が止まる。決めた一人は、自分の専門の外の項目も、署名することになった。その署名の重さを、会議は、役割の定義に書き戻した。	舵を取る
かじをとる
船の進む向きを決める。転じて、全体の方針を決める。
to take the helm; to direct the course
危機のあいだ、誰が舵を取るのかを、対策より先に決めた。二人だと、指示の時刻がずれて、現場が止まる。決めた一人は、自分の専門の外の項目も、署名することになった。その署名の重さを、会議は、役割の定義に書き戻した。

choraku	その店の［　　］は、味が落ちた日からではなく、常連の席が空いた日から始まった。味の評は、空席のあとに、厳しくなっている。順番を逆に語ると、原因の場所を間違える。回顧の文章は、空席の日付を、評の日付より前に置いた。	凋落
ちょうらく
栄えていたものが、勢いを失って衰えること。
a decline from former prosperity
その店の凋落は、味が落ちた日からではなく、常連の席が空いた日から始まった。味の評は、空席のあとに、厳しくなっている。順番を逆に語ると、原因の場所を間違える。回顧の文章は、空席の日付を、評の日付より前に置いた。

seppan	交通費は［　　］とし、それ以外は、各自が持つと覚書にある。半分の計算は簡単で、何を交通費と呼ぶかが難しい。食事を含めた月と、含めない月で、請求が揉めた。次の覚書は、含めない、を先に書いた。	折半
せっぱん
費用や利益を、半分ずつに分けること。
splitting evenly in half
交通費は折半とし、それ以外は、各自が持つと覚書にある。半分の計算は簡単で、何を交通費と呼ぶかが難しい。食事を含めた月と、含めない月で、請求が揉めた。次の覚書は、含めない、を先に書いた。

hanahadashii	遅延そのものより、理由の説明の欠落が［　　　　］。待った時間は、前日と、ほぼ同じ長さだ。違ったのは、何が起きているかを、誰も言わなかったことだ。苦情の文面は、時間の数字より、その無言を先に書いていた。	甚だしい
はなはだしい
程度が、普通を大きく超えてひどいこと。
extreme; grossly excessive
遅延そのものより、理由の説明の欠落が甚だしい。待った時間は、前日と、ほぼ同じ長さだ。違ったのは、何が起きているかを、誰も言わなかったことだ。苦情の文面は、時間の数字より、その無言を先に書いていた。

fukyo	［　　］の年でも、この店の昼だけは、席が足りなかった。夜は明らかに空くので、景気の話を一日でまとめると誤る。仕入れは、昼の実績と、夜の実績を、別の係数で見た。その分離が、廃棄の量を、前の年より減らした。	不況
ふきょう
商売や雇用が、全体として落ち込んでいる状態。
a recession; a business slump
不況の年でも、この店の昼だけは、席が足りなかった。夜は明らかに空くので、景気の話を一日でまとめると誤る。仕入れは、昼の実績と、夜の実績を、別の係数で見た。その分離が、廃棄の量を、前の年より減らした。

zasai	粥の脇に、［　　　　］が小さく添えてあった。量は少ないのに、塩と辛さが、口の中を先に占領する。主菜の味は、そのあとで、静かに戻ってくる。店は、添える量を、客の年齢では変えていなかった。	ザーサイ
ザーサイ
茎を塩と唐辛子で漬けた、四川の漬物。
zha cai, the pickled mustard stem
粥の脇に、ザーサイが小さく添えてあった。量は少ないのに、塩と辛さが、口の中を先に占領する。主菜の味は、そのあとで、静かに戻ってくる。店は、添える量を、客の年齢では変えていなかった。

mangaichi	［　　　］、主電源が落ちても、表示だけは別の電池で残る。残るのは、時刻と、最後の警告の一行だ。その一行を読む訓練を、年に一度、停電と無関係な日に行う。無関係な日に行うことで、焦りの中の読み間違いを、先に潰す。	万が一
まんがいち
ほとんど起きないが、起きたときの備えを考える仮定。
if by a remote chance; just in case
万が一、主電源が落ちても、表示だけは別の電池で残る。残るのは、時刻と、最後の警告の一行だ。その一行を読む訓練を、年に一度、停電と無関係な日に行う。無関係な日に行うことで、焦りの中の読み間違いを、先に潰す。

hokujo	低気圧は、予想より早く［　　］し、朝の便に影響した。速度の数字は、夜の予報と、朝の実測で違っている。運航は、夜の数字を捨て、朝の実測だけで判断した。その判断を、利用者への文では、予報の失敗とは書かなかった。	北上
ほくじょう
北のほうへ進むこと。
going north; moving northward
低気圧は、予想より早く北上し、朝の便に影響した。速度の数字は、夜の予報と、朝の実測で違っている。運航は、夜の数字を捨て、朝の実測だけで判断した。その判断を、利用者への文では、予報の失敗とは書かなかった。
地名の北上（きたかみ）とは読みが違う。この札は、北へ進むこと。
jiminto	見出しは［　　　］とだけ書き、正式名は記事の二行目に置いた。略称だけで通じる読者と、通じない読者を、紙面は同時に抱えている。二行目を削る提案は、紙幅の都合として出た。削らない理由は、紙幅ではなく、初出の規則だった。	自民党
じみんとう
日本の政党、自由民主党の略。
the Liberal Democratic Party of Japan
見出しは自民党とだけ書き、正式名は記事の二行目に置いた。略称だけで通じる読者と、通じない読者を、紙面は同時に抱えている。二行目を削る提案は、紙幅の都合として出た。削らない理由は、紙幅ではなく、初出の規則だった。

heiritsu	二つの案は［　　］のままで、統合を、この回の目標から外した。統合すると、どちらかの前提が、黙って消える。消える前提を、誰が引き受けるかが、まだ決まっていない。次回は、統合ではなく、消える側の一覧を先に作る。	並立
へいりつ
二つが、優劣をつけずに、並んで存在すること。
standing side by side, neither subordinated
二つの案は並立のままで、統合を、この回の目標から外した。統合すると、どちらかの前提が、黙って消える。消える前提を、誰が引き受けるかが、まだ決まっていない。次回は、統合ではなく、消える側の一覧を先に作る。

rittaiteki	説明が［　　　］になったのは、図を増やしたからではなく、時間の層を分けたからだ。同じ場所でも、朝と夜で、使う人が違う。平面の図は、その違いを、一枚に押し潰していた。二枚に分けただけで、反対の理由が、別々の層へ分かれた。	立体的
りったいてき
平面ではなく、奥行きを持って捉えること。
three-dimensional; with depth
説明が立体的になったのは、図を増やしたからではなく、時間の層を分けたからだ。同じ場所でも、朝と夜で、使う人が違う。平面の図は、その違いを、一枚に押し潰していた。二枚に分けただけで、反対の理由が、別々の層へ分かれた。

teisei	［　　］は、誤った文の隣に、正しい文を同じ長さで置いた。短い「誤り」の一言では、何が変わったか残らない。読者は、隣り合った二文を、自分で比べられる。その形式にすると、直しへの不信が減った。	訂正
ていせい
誤った箇所を、正しい内容に直すこと。
a correction
訂正は、誤った文の隣に、正しい文を同じ長さで置いた。短い「誤り」の一言では、何が変わったか残らない。読者は、隣り合った二文を、自分で比べられる。その形式にすると、直しへの不信が減った。

shingi	［　　］は、賛成の演説が尽きたあとに、初めて数字の頁へ入った。数字を先に出すと、演説が、頁の穴埋めになる。順番を変えた回だけ、質問が、頁の行を指定して出てきた。議長は、その順番を、次の会の規則に書き足した。	審議
しんぎ
会議で、案の中身を調べ、議論すること。
deliberation
審議は、賛成の演説が尽きたあとに、初めて数字の頁へ入った。数字を先に出すと、演説が、頁の穴埋めになる。順番を変えた回だけ、質問が、頁の行を指定して出てきた。議長は、その順番を、次の会の規則に書き足した。

jizen	この実験は、監督者の許可が［　　　　　］だ。器具が揃っていても、許可の番号がないと、室の鍵が開かない。番号の確認を、前日の夕方に固定した。当日の朝に気づく遅延は、それでほぼ消えた。	事前に必要
じぜんにひつよう
始める前に、なければ進めない条件。
required beforehand; a prerequisite
この実験は、監督者の許可が事前に必要だ。器具が揃っていても、許可の番号がないと、室の鍵が開かない。番号の確認を、前日の夕方に固定した。当日の朝に気づく遅延は、それでほぼ消えた。

seko	図面の承認が遅れ、［　　］は、基礎の段で三日止まった。止まった理由は、天候ではなく、印の順番だ。現場は、止まった三日の写真を、天候の写真と混ぜずに残した。混ぜたアルバムは、後から原因を追えなかった。	施工
せこう
設計を、実際の工事として行うこと。
construction; carrying out the work
図面の承認が遅れ、施工は、基礎の段で三日止まった。止まった理由は、天候ではなく、印の順番だ。現場は、止まった三日の写真を、天候の写真と混ぜずに残した。混ぜたアルバムは、後から原因を追えなかった。

kaiken	［　　］は、十分と宣言し、質問は三本に限った。限らないと、最初の質問の繰り返しで、時間が終わる。三本目が、事前に想定していなかった点に触れた。答えは、その場では保留とし、文書で翌日に出た。	会見
かいけん
公式に会って、質問に答えること。
a press conference or formal interview
会見は、十分と宣言し、質問は三本に限った。限らないと、最初の質問の繰り返しで、時間が終わる。三本目が、事前に想定していなかった点に触れた。答えは、その場では保留とし、文書で翌日に出た。

sekkei	［　　］の変更は、口頭では受けず、図の版番号でしか受けない。口頭のほうが速くても、後から、誰の言葉か残らない。現場が怒ったのは、速度ではなく、番号のない指示が二度混ざったときだ。混ざった週のあと、規則は、休憩室の壁にも貼られた。	設計
せっけい
作る前に、形と条件を決めて図や仕様にすること。
design; the plan before making
設計の変更は、口頭では受けず、図の版番号でしか受けない。口頭のほうが速くても、後から、誰の言葉か残らない。現場が怒ったのは、速度ではなく、番号のない指示が二度混ざったときだ。混ざった週のあと、規則は、休憩室の壁にも貼られた。

horaku	雨のあと、斜面の一部が［　　］し、道が半分ふさがった。全壊ではなく、上の土が、下の溝を埋めた形だ。通行は、埋まった側を避け、片側に限って再開した。再開の判断は、天気の回復ではなく、土の動きが止んだ観測で下した。	崩落
ほうらく
支えを失って、崩れ落ちること。相場が急に落ちることにも言う。
a collapse or cave-in; a sudden drop
雨のあと、斜面の一部が崩落し、道が半分ふさがった。全壊ではなく、上の土が、下の溝を埋めた形だ。通行は、埋まった側を避け、片側に限って再開した。再開の判断は、天気の回復ではなく、土の動きが止んだ観測で下した。

shuzenhi	［　　　］は、予防の保守と、壊れたあとの復旧を、同じ科目に入れていた。混ぜると、壊れ方が増えているのか、先回りが増えているのかが分からない。会計は、科目を分け、名前は似たままにした。分けた年の報告で、増えていたのは、復旧の側だけだった。	修繕費
しゅうぜんひ
壊れたものを、直すためにかかる費用。
repair expense
修繕費は、予防の保守と、壊れたあとの復旧を、同じ科目に入れていた。混ぜると、壊れ方が増えているのか、先回りが増えているのかが分からない。会計は、科目を分け、名前は似たままにした。分けた年の報告で、増えていたのは、復旧の側だけだった。

seisa	契約は、署名の前に、定義の語だけを［　　］する時間を別に取った。全文を同じ速度で読むと、定義のゆれを見落とす。ゆれが一つあると、後の条項が、二つに読める。その時間を入れてから、署名後の解釈の争いが減った。	精査
せいさ
細部まで、漏れなく調べること。
close scrutiny
契約は、署名の前に、定義の語だけを精査する時間を別に取った。全文を同じ速度で読むと、定義のゆれを見落とす。ゆれが一つあると、後の条項が、二つに読める。その時間を入れてから、署名後の解釈の争いが減った。

kengikai	その条例は、［　　　］の委員会で、本会議より具体的な質問を受けた。本会議は、すでに整った文を、採決する場に近い。報道が短いとき、消えるのは、委員会の質問のほうだ。担当は、質問の要約を、採決の結果と対にして公開した。	県議会
けんぎかい
都道府県の、条例や予算を決める議会。
a prefectural assembly
その条例は、県議会の委員会で、本会議より具体的な質問を受けた。本会議は、すでに整った文を、採決する場に近い。報道が短いとき、消えるのは、委員会の質問のほうだ。担当は、質問の要約を、採決の結果と対にして公開した。

sogaku	［　　］は大きいが、認容が見込まれる範囲は、その一部だと説明された。請求の大きさと、通る見込みの大きさを、同じ数で語らないためだ。依頼者は、大きいほうの数だけを、最初に覚えて帰った。次の面談は、覚えて帰った数を、書き換えることから始まった。	訴額
そがく
訴えで、請求している金額。
the amount claimed in a lawsuit
訴額は大きいが、認容が見込まれる範囲は、その一部だと説明された。請求の大きさと、通る見込みの大きさを、同じ数で語らないためだ。依頼者は、大きいほうの数だけを、最初に覚えて帰った。次の面談は、覚えて帰った数を、書き換えることから始まった。

datosei	調査の［　　　］は、回収率ではなく、誰が答えていないかで揺れた。答えた人だけが、すでに満足している層だった。その偏りを、注に書くか、結論を弱めるかで、著者の中が割れた。掲載された版は、両方を行い、題の動詞を弱いほうに変えた。	妥当性
だとうせい
方法や結論が、その目的に照らして適切であること。
validity; whether a method fits its claim
調査の妥当性は、回収率ではなく、誰が答えていないかで揺れた。答えた人だけが、すでに満足している層だった。その偏りを、注に書くか、結論を弱めるかで、著者の中が割れた。掲載された版は、両方を行い、題の動詞を弱いほうに変えた。

keihi	［　　］の申請は、領収の日付が、出張の期間に入っているかを先に見る。金額の大きさは、その次だ。期間の外の一枚が、全体を差し戻す原因になる。差し戻しの文は、金額には触れず、日付だけを赤字にした。	経費
けいひ
仕事を進めるために、かかる費用。
expenses incurred in carrying out work
経費の申請は、領収の日付が、出張の期間に入っているかを先に見る。金額の大きさは、その次だ。期間の外の一枚が、全体を差し戻す原因になる。差し戻しの文は、金額には触れず、日付だけを赤字にした。

teirei	［　　］の会議では、新しい議題を、最後の十分にしか入れない。前半は、前回の宿題が、終わったかどうかの確認だ。新しい話を前半に入れると、宿題が、永久に残る。その順序への不満は、残件が減ってから、静かに消えた。	定例
ていれい
決まって繰り返す、通常の回。
regular; the ordinary scheduled session
定例の会議では、新しい議題を、最後の十分にしか入れない。前半は、前回の宿題が、終わったかどうかの確認だ。新しい話を前半に入れると、宿題が、永久に残る。その順序への不満は、残件が減ってから、静かに消えた。

genpatsu	［　　　　　　］の定期検査が、来月、予定どおり始まると発表があった。出力の話ではなく、検査に入る日付の話だ。周辺の宿は、作業者の滞在で、平日の予約が先に埋まった。町の案内は、観光の文と、検査の文を、同じ紙に混ぜなかった。	原子力発電所
げんしりょくはつでんしょ
核分裂の熱で発電する、施設。
a nuclear power station
原子力発電所の定期検査が、来月、予定どおり始まると発表があった。出力の話ではなく、検査に入る日付の話だ。周辺の宿は、作業者の滞在で、平日の予約が先に埋まった。町の案内は、観光の文と、検査の文を、同じ紙に混ぜなかった。

kawasu	二人は、短い挨拶を［　　　］だけで、用件に入った。近況を聞く時間は、この席の習慣にはない。第三者がその短さを、不和だと受け取った。本人たちは、短いことを、準備ができている証拠だと思っていた。	交わす
かわす
互いに、言葉や物をやり取りする。
to exchange words, looks, or things
二人は、短い挨拶を交わすだけで、用件に入った。近況を聞く時間は、この席の習慣にはない。第三者がその短さを、不和だと受け取った。本人たちは、短いことを、準備ができている証拠だと思っていた。

kencho	改善は［　　］だが、測定した期間が、短いことには変わりがない。短い期間の大きな差は、次の期間で、半分に戻ることがある。報告は、戻る可能性を、改善の文の直後に置いた。直後に置くと、見出しだけの引用が、しにくくなった。	顕著
けんちょ
ほかと比べて、はっきり目立つこと。
striking; markedly noticeable
改善は顕著だが、測定した期間が、短いことには変わりがない。短い期間の大きな差は、次の期間で、半分に戻ることがある。報告は、戻る可能性を、改善の文の直後に置いた。直後に置くと、見出しだけの引用が、しにくくなった。

kubaku	年代記は、その［　　］を、日付と、被災した地区の名だけで残している。手法の記述はなく、残った建物の一覧が、被害の代わりになっている。一覧の欠落は、後の調査が、一棟ずつ補っている。補った分は、本文ではなく、注の側に、年を付けて加えた。	空爆
くうばく
航空機から、地上を爆撃すること。
aerial bombing
年代記は、その空爆を、日付と、被災した地区の名だけで残している。手法の記述はなく、残った建物の一覧が、被害の代わりになっている。一覧の欠落は、後の調査が、一棟ずつ補っている。補った分は、本文ではなく、注の側に、年を付けて加えた。

mato	散らばった荷物を［　　］めて、出口の列へ戻った。紐が一本足りず、余った紙袋は、手に抱える。後ろが詰まり、同じ作業をしている人が、もう二人いる。平台の係は、紐を、黙って一本足した。	纏
まとめる・まとう・まつわる・テン
身にまとう、または、ばらばらを一つにまとめる、の古い字。
the kanji 纏: to wrap, or to gather together
散らばった荷物を纏めて、出口の列へ戻った。紐が一本足りず、余った紙袋は、手に抱える。後ろが詰まり、同じ作業をしている人が、もう二人いる。平台の係は、紐を、黙って一本足した。
現代の文章では、ほぼひらがなで書く。この札は字としての纏。
nigoru	雨のあと、川はすぐに［　　］。上流の工事が、泥を、普段より多く流している。澄むまでの日数は、雨の量より、工事の位置で違った。掲示は、飲まない、を、澄む予測より先に書いた。	濁る
にごる
液体が澄まなくなったり、音がこもったりすること。
to become muddy, dull, or voiced
雨のあと、川はすぐに濁る。上流の工事が、泥を、普段より多く流している。澄むまでの日数は、雨の量より、工事の位置で違った。掲示は、飲まない、を、澄む予測より先に書いた。
語音に濁点を付けることも「濁る」という。この札は、水が澄まなくなるほう。
